"","SB","SM","TB","HB","MB","KN","PE","BR","PA","EL","DU","RB","Seqs"
"Haplo_1",0,0,0,0,2,2,2,1,3,3,0,6,"ggactctatattttatttttagaatttgagcaggtttggtaggaactgggataagtgtcttaattcgtatggagctgtcacaaacaggtccagtaattggtgatgggcagttgtataatgttattgtcactgcacatgcttttgtaataatcttttttttcgttatgcccataataattaggggttttggaaactggttgttacctttgatattaggatctcctgatatggcttttccacggttaaataatatgagtttttggtttttacccccagcattttttctacttcttatttcttctcttattgagagcggtgttaggacaggttggacagtttaccctcctttagctgggaatttagcacattcaaggccagcattagatagtgctattttttcattacatttggctagggtttctagtatcttgggtagtttaaattttataactactatatttaatataaaggcaaaaggttggagattatttaatatacctttatttgtatggactgttttagtcacaacggttttattgttattatctttgccagtattagctgcagcaattacaatattgttgtttgatcgtaattttaacacatccttctttgatccagcaggtgggggagat"
"Haplo_2",0,0,0,0,3,0,0,0,0,0,0,0,"ggactctatattttatttttagaatttgagcaggtttggtaggaactgggataagtgtcttaattcgtatggagctgtcacaaacaggtccagtaattggtgatgggcagttgtataatgttattgtcactgcacatgcttttgtaataatcttttttttcgttatgcccataataattaggggttttggaaactggttgttacctttgatattaggatctcctgatatggcttttccacggttaaataatatgagtttttggtttttacccccagcattttttctacttcttatttcttctcttattgagagcggtgttaggacaggttggacagtttaccctcctttagctgggaatttagcacattcaaggccagcattagatagtgctattttttcactacatttagctagggtttctagtatcttgggtagtttaaattttataactactatatttaatataaaggcaaaaggttggagattatttaatatacctttatttgtatggactgttttagtcacaacggttttattgttattatctttgccagtattagctgcagcaattacaatattgttgtttgatcgtaattttaacacatccttctttgatccagcaggtgggggagat"
"Haplo_3",0,0,0,0,11,0,1,0,0,0,0,0,"ggactctatattttatttttagaatttgagcaggtttggtaggaactgggataagtgtcttaattcgtatggagctgtcacaaacaggtccagtaattggtgatgggcagttgtataatgttattgtcactgcacatgcttttgtaataatcttttttttcgttatgcccataataattaggggttttggaaactggttgttacctttgatattaggatctcctgatatggcttttccacggttaaataatatgagtttttggtttttacccccagcattttttctacttcttatttcttctcttattgagagcggtgttaggacaggttggacagtttaccctcctttagctgggaatttagcacattcaaggccagcattagatagtgctattttttcactacatttggctagagtttctagtatcttgggtagtttaaattttataactactatatttaatataaaggcaaaaggttggagattatttaatatacctttatttgtatggactgttttagtcacaacggttttattgttattatctttgccagtattagctgcagcaattacaatattgttgtttgatcgtaattttaacacatccttctttgatccagcaggtgggggagat"
"Haplo_4",0,0,0,0,4,8,12,10,8,20,0,12,"ggactctatattttatttttagaatttgagcaggtttggtaggaactgggataagtgtcttaattcgtatggagctgtcacaaacaggtccagtaattggtgatgggcagttgtataatgttattgtcactgcacatgcttttgtaataatcttttttttcgttatgcccataataattaggggttttggaaactggttgttacctttgatattaggatctcctgatatggcttttccacggttaaataatatgagtttttggtttttacccccagcattttttctacttcttatttcttctcttattgagagcggtgttaggacaggttggacagtttaccctcctttagctgggaatttagcacattcaaggccagcattagatagtgctattttttcactacatttggctagggtttctagtatcttgggtagtttaaattttataactactatatttaatataaaggcaaaaggttggagattatttaatatacctttatttgtatggactgttttagtcacaacggttttattgttattatctttgccagtattagctgcagcaattacaatattgttgtttgatcgtaattttaacacatccttctttgatccagcaggtgggggagat"
"Haplo_5",0,0,0,0,2,1,0,0,0,0,0,0,"ggactctatattttatttttagaatttgagcaggtttggtaggaactgggataagtgtcttaattcgtatggagctgtcacaaacaggtccagtaattggtgatgggcagttgtataatgttattgtcactgcacatgcttttgtaataatcttttttttcgttatgcccataataattaggggttttggaaactggttgttacctttgatattaggatctcctgatatggcttttccacggttaaataatatgagtttttggtttttacccccagcattttttctacttcttatttcttctcttattgagagtggtgttaggacaggttggacagtttaccctcctttagctgggaatttagcacattcaaggccagcattagatagtgctattttttcactacatttggctagggtttctagtatcttgggtagtttaaattttataactactatatttaatataaaggcaaaaggttggagattatttaatatacctttatttgtatggactgttttagtcacaacggttttattgttattatctttgccagtattagctgcagcaattacaatattgttgtttgatcgtaattttaacacatccttctttgacccagcaggtgggggagat"
"Haplo_6",0,0,0,0,1,0,1,0,3,0,0,3,"ggactctatattttatttttagaatttgagcaggtttggtaggaactgggataagtgtcttaattcgtatggagctgtcacaaacaggtccagtaattggtgatgggcagttgtataatgttattgtcactgcacatgcttttgtaataatcttttttttcgttatgcccataataattaggggttttggaaactggttgttacctttgatattaggatctcctgatatggcttttccacggttaaataatatgagtttttggtttttacccccagcattttttctacttcttatttcttctcttattgagagcggtgttaggacaggttggacagtttatcctcctttagctgggaatttagcacattcaaggccagcattagatagtgctattttttcactacatttggctagggtttctagtatcttgggtagtttaaattttataactactatatttaatataaaggcaaaaggttggagattatttaatatacctttatttgtatggactgttttagtcacaacggttttattgttattatctttgccagtattagctgcagcaattacaatattgttgtttgatcgtaattttaacacatccttctttgatccagcaggtgggggagat"
"Haplo_7",0,0,0,0,0,1,0,0,2,3,0,1,"gaactctatattttatttttagaatttgagcaggtttggtaggaactgggataagtgtcttaattcgtatggagctgtcacaaacaggtccagtaattggtgatgggcagttgtataatgttattgtcactgcacatgcttttgtaataatctttttttttgttatgcccataataatcaggggttttggaaactggttgttacctttgatattaggatctcctgatatggcttttccacggttaaataatatgagtttttggtttttacctccagcattttttctacttcttatttcttctcttattgagagcggtgttaggacaggttggacagtttaccctcctttagctgggaatttagcacattcaaggccagcattagatagtgctattttttcactacatttggctagggtttctagtatcttgggtagtttaaattttataactactatatttaatataaaggcaaaaggttggagattatttaatatacctttatttgtatgaactgttttagttacaacggttttattgttactatctctgccagtattagctgcagcaattacaatattgttgtttgatcgtaattttaatacatccttctttgatccagcaggtgggggagat"
"Haplo_8",0,0,0,0,0,1,0,0,0,0,0,0,"ggactctatattttatttttagaatttgagcaggtttggtaggaactgggataagtgtcttaattcgtatggagctgtcacaaacaggtccagtaattggtgatgggcagttgtataatgttattgtcactgcacatgcttttgtaataatcttttttttcgttatgcccataataattaggggttttggaaattggttgttacctttgatattaggatctcctgatatggcttttccacggttaaataatatgagtttttggtttttacccccagcattttttctacttcttatttcttctcttattgagagcggtgttaggacaggttggacagtttaccctcctttagctgggaatttagcacattcaaggccagcattagatagtgctattttttcactacatttggctagggtttctagtatcttgggtagtttaaattttataactactatatttaatataaaggcaaaaggttggagattatttaatatacctttatttgtatggactgttttagtcacaacggttttattgttattatctttgccagtattagctgcagcaattacaatattgttgtttgatcgtaattttaacacatctttctttgatccagcaggtgggggagat"
"Haplo_9",0,0,0,0,0,1,0,0,0,0,0,0,"gaactctatattttatttttagaatttgagcaggtttggtaggaacagggataagtgtcttaattcgtatggagctgtcacaaacaggtccagtaattggtgatgggcagttgtataatgttattgtcactgcacatgcttttgtaataattttttttttcgttatgcccataataatcaggggttttggaaactggttgttacctttgatattaggatctcctgatatggcttttccacggttaaataatatgagtttttggtttttacctccagcattttttttactacttatttcttctcttattgagagcggtgttaggacaggttggacagtttaccctcctttagctgggaatttagcacattcaaggccagcattagatagtgctattttttcactacatttggctagggtttctagtatcttgggtagtttaaattttataactactatatttaatataaaggcaaaaggttggagattatttaatatacctttatttgtatgaactgttttagttacaacggttttattgttattatctctgccagtattagctgcagcaattacaatattgttgtttgatcgtaattttaatacatccttctttgatccagcaggtgggggagat"
"Haplo_10",0,0,0,0,0,3,0,0,0,0,0,0,"ggactctatattttatttttagaatttgagcaggtttggtaggaactgggataagtgtcttaattcgtatggagctgtcacaaacaggtccagtaattggtgatgggcagttgtataatgttattgtcactgcacatgcttttgtaataatcttttttttcgttatgcccataataattaggggttttggaaactggttgttacctttgatattaggatctcctgatatggcttttccacggttaaataatatgagtttttggtttttacccccagcattttttctacttcttatttcttctcttattgagagcggtgttaggacaggttggacagtttaccctcctttagctgggaatttagcacattcaaggccagcattagatagtgctattttttcactacatttggctagggtttctagtatcttgggtagtttaaattttataactactatatttaatataaaggcaaaaggttggagattatttaatatacctttatttgtatggactgttttagtcacaacggttttattgttattatctttgccagtattagctgcagcaattacaatattgttgtttgatcgtaattttaacacatccttctttgatccagcaggtgggggggat"
"Haplo_11",0,0,0,0,0,1,0,0,0,0,0,0,"ggactctatattttatttttagaatttgagcaggtttggtaggaactgggataagtgtcttaattcgtatggagctgtcacaaacaggtccagtaattggtgatgggcagttgtataatgttattgtcactgcacatgcttttgtaataatcttttttttcgttatgcccataataattaggggttttggaaactggttgttacctttgatattaggatctcctgatatggcttttccacggttaaataatatgagtttttggtttttacccccagcattttttctacttcttatttcttctcttattgagagtggtgttaggacaggttggacagtttaccctcctttagctgggaatttagcacattcaaggccagcattagatagtgctattttttcactacatttggctagggtttctagtatcttgggtagtttaaattttataactactatatttaatataaaggcaaaaggttggagattatttaatatacctttatttgtatggactgttttagtcacaacggttttattgttattatctttgccagtattagctgcagcaattacaatattgttgtttgatcgtaattttaacacatccttttttgatccagcaggtgggggagat"
"Haplo_12",0,0,0,0,0,0,2,1,0,0,0,1,"ggactctatattttatttttagaatttgagcaggtttggtaggaactgggataagtgtcttaattcgtatggagctgtcacaaacaggtccagtaattggtgatgggcagttgtataatgttattgtcactgcacatgcttttgtaataatcttttttttcgttatgcccataataattaggggttttggaaactggttgttacctttgatattaggatctcctgatatggcttttccacggttaaataatatgagtttttggtttttacccccagcattttttctacttcttatttcttctcttattgagagcggtgttaggacaggttggacagtttaccctcctttagctgggaatttagcacattcaaggccagcattagatagtgctattttttcactacatttggccagggtttctagtatcttgggtagtttaaattttataactactatatttaatataaaggcaaaaggttggagattatttaatatacctttatttgtatggactgttttagtcacaacggttttattgttattatctttgccagtattagctgcagcaattacaatattgttgtttgatcgtaattttaacacatccttctttgatccagcaggtgggggagat"
"Haplo_13",0,0,0,0,0,0,1,0,0,0,0,0,"ggactctatattttatttttagaatttgagcaggtttggtaggaactgggataagtgtcttaattcgtatggagctgtcacaaacaggtccagtaattggtgatgggcagttgtataatgttattgtcactgcacatgcttttgtaataatcttttttttcgttatgcccataataattaggggttttggaaactggttgttacctttgatattaggatctcctgatatggcttttccacggttaaataatatgagtttttggtttttacccccagcattttttctacttcttatttcttctcttattgagagcggtgttaggacaggttggacagtttaccctcctttagctgggaatttagcacattcaaggccagcattagatagtgctattttttcactacatttggctagggtttctagtattttgggtagtttaaattttataactactatatttaatataaaggcaaaaggttggagattatttaatatacctttatttgtatggactgttttagtcacaacggttttattgttattatctttgccagtattagctgcagcaattacaatattgttgtttgatcgtaattttaacacatccttctttgatccagcaggtgggggagat"
"Haplo_14",0,0,0,0,0,0,1,0,0,0,0,0,"ggactctatattttatttttagaatttgagcaggtttggtaggaactgggataagtgtcttaattcgtatggagctgtcacaaacaggtccagtaattggtgatgggcagttgtataatgttattgtcactgcacatgcttttgtaataatcttttttttcgttatgcccataataattaggggttttggaaactggttgttacctttgatattaggatctcctgatatggcttttccacggttaaataatatgagtttttggtttttacctccagcattttttctacttcttatttcttctcttattgagagcggtgttaggacaggttggacagtttaccctcctttagctgggaatttagcacattcaaggccagcattagatagtgctattttttcactacatttggctagggtttctagtatcttgggtagtttaaattttataactactatatttaatataaaggcaaaaggttggagattatttaatatacctttatttgtatggactgttttagtcacaacggttttattgttattatctttgccagtattagctgcagcaattacaatattgttgtttgatcgtaattttaacacatccttctttgatccagcaggtgggggagat"
"Haplo_15",0,0,0,0,0,0,0,1,1,0,0,0,"ggactctatattttatttttagaatttgagcaggtttggtaggaactgggataagtgtcttaattcgtatggagctgtcacaaacaggtccagtaattggtgatgggcagttgtataatgttattgtcactgcacatgcttttgtaataatcttttttttcgttatgcccataataattaggggttttggaaactggttgttacctttgatattaggatctcctgatatggcttttccacggttaaataatatgagtttttggtttttacccccagcattttttctacttcttatttcttctcttattgagagtggtgttaggacaggttggacagtttaccctcctttagctgggaatttagcacattcaaggccagcattagatagtgctattttttcactacatttggctagggtttctagtatcttgggtagtttaaattttataactactatatttaatataaaggcaaaaggttggagattatttaatatacctttatttgtatggactgttttagtcacaacggttttattgttattatctttgccagtattagctgcagcaattacaatattgttgtttgatcgtaattttaacacatccttctttgatccagcaggtgggggagat"
"Haplo_16",0,0,0,0,0,0,0,1,1,2,0,0,"ggactctatattttatttttagaatttgagcaggtttggtaggaactgggataagtgtcttaattcgtatggagctgtcacaaacaggtccagtaattggtgatgggcagttgtataatgttattgtcactgcacatgcttttgtaataatcttttttttcgttatgcccataataattaggggttttggaaactggttgttacctttgatattaggatctcctgatatggcttttccacggttaaataatatgagtttttggtttttacccccagcattttttctacttcttatttcttctcttattgagagcggtgttaggacaggttggacagtttaccctcctttagctgggaatttagcacattcaaggccagcattagatagtgctattttttcactacatttggctagggtttctagtatcttgggtagtttaaattttataactactatatttaatataaaggcaaaaggttggagattatttaatatacctttatttgtatggactgttttagtcacaacggttttattgttattatctttgccagtattagctgcagcaattacaatattgttgtttgatcgtaattttaatacatccttctttgatccagcaggtgggggagat"
"Haplo_17",0,0,0,0,0,0,0,1,0,0,0,0,"ggactctatattttatttttagaatttgagcaggtttggtaggaactgggataagtgtcttaattcgtatggagctgtcacaaacaggtccagtaattggtgatgggcagttgtataatgttattgtcactgcacatgcttttgtaataatcttttttttcgttatgcccataataattaggggttttggaaactggttgttacctttgatattaggatctcctgatatggcttttccacggttaaataatatgagtttttggtttttacccccagcattttttctacttcttatttcttctcttattgagagcggtgttaggacaggttggacagtttaccctcctttagctgggaatttagcacattcaaggccagcattagatagtgctattttttcattacatttggctagggtttctagtatcttgggtagtttaaattttataactactatatttaatataaaggcaaaaggttggagattatttaatatacctttatttgtatggactgttttagtcacaacggttttattgttattatctttgccagtattagctgcagcaattacaatattgttgtttgatcgtaattttaacacatccttctttgatccagcaggtgggggagac"
"Haplo_18",0,0,0,0,0,0,0,1,0,0,0,0,"gaactctatattttatttttagaatttgagcaggtttggtaggaactgggataagtgtcttaattcgtatggagctgtcacaaacaggtccagtaattggtgatgggcagttgtataatgttattgtcactgcacatgcttttgtaataatctttttttttgttatgcccataataatcaggggttttggaaactggttgttacctttgatattaggatctcctgatatggcttttccacggttaaataatatgagtttttggtttttacctccagcattttttctacttcttatttcttctcttattgagagcggtgttaggacaggttggacagtttaccctcctttagctgggaatttagcacattcaaggccagcattagatagtgctattttttcactacatttggctagggtttctagtatcttgggtagtttaaattttataactactatatttaatataaaggcaaaaggttggagattatttaatatacctttatttgtatgaactgttttagttacaacggttttattgttactatctctgccagtattagctgcagcaattacaatattgttgtttgatcgtaattttaatacatccttctttgatccagcaggagggggagat"
"Haplo_19",0,0,0,0,0,0,0,0,2,0,0,0,"ggactctatattttatttttagaatttgagcaggtttggtaggaactgggataagtgtcttaattcgtatggagctgtcacaaacaggtccagtaattggtgatgggcagttgtataatgttattgtcactgcacatgcttttgtaataatcttttttttcgttatgcccataataattaggggttttggaaactggttgttacctttgatattaggatctcctgatatggcttttccacggttaaataatatgagtttttggtttttacccccagcattttttctacttcttatttcttctcttattgagagcggtgttaggacaggttggacagtttaccctcctttagctgggaatttagcacattcaaggccagcattagatagtgctattttttcactacatttggctagggtttctagtatcttgggtagtttaaattttataactactatatttaatataaaggcaaaaggttggagattatttaatatacctttatttgtatggacggttttagtcacaacggttttattgttattatctttgccagtattagctgcagcaattacaatattgttgtttgatcgtaattttaacacatccttctttgatccagcaggtgggggagat"
"Haplo_20",0,0,0,0,0,0,0,0,0,1,0,1,"ggactctatattttatttttagaatttgagcaggtttggtaggaactgggataagtgtcttaattcgtatggagctgtcacaaacaggtccagtaattggtgatgggcagttgtataatgttattgtcactgcacatgcttttgtaataatcttttttttcgttatgcccataataattaggggttttggaaactggttgttacctttgatattaggatctcctgatatggcttttccacggttaaataatatgagtttttggtttttacccccagcattttttctacttcttatttcttctcttattgagagcggtgttaggacaggttggacagtttaccctcctttagctgggaatttagcacattcaaggccagcattggatagtgctattttttcattacatttggctagggtttctagtatcttgggtagtttaaattttataactactatatttaatataaaggcaaaaggttggagattatttaatatacctttatttgtatggactgttttagtcacaacggttttattgttattatctttgccagtattagctgcagcaattacaatattgttgtttgatcgtaattttaacacatccttctttgatccagcaggtgggggagat"
"Haplo_21",0,0,0,0,0,0,0,0,0,2,0,0,"ggactctatattttatttttagaatttgagcaggtttggtaggaactgggataagtgtcttaattcgtatggagctgtcacaaacaggtccagtaattggtgatgggcagttgtataatgttattgtcactgcacatgcttttgtaataatcttttttttcgttatgcccataataattaggggttttggaaactggttgttacctttgatattaggatctcctgatatggcttttccacggttaaataatatgagtttttggtttttacccccagcattttttctacttcttatttcttctcttattgagagcggtgttaggacaggttggacagtttaccctcctttagctgggaatttagcacattcaaggccagcattagatagtgctattttttcactacatttggctagggtttctagtatcttgggtagtttaaattttataactactatatttaatataaaggcaaaaggttggagattatttaatatacctttatttgtatggactgttttagtcacaacggttttattgttgttatctttgccagtattagctgcagcaattacaatattgttgtttgatcgtaattttaacacatccttctttgatccagcaggtgggggagat"
"Haplo_22",0,0,0,0,0,0,0,0,0,0,0,2,"ggactctatattttatttttagaatttgagcaggtttggtaggaactgggataagtgtcttaattcgtatggagctgtcacaaacaggtccagtaattggtgatgggcagttgtataatgttattgtcactgcacatgcttttgtaataatcttttttttcgttatgcccataataattaggggttttggaaactggttgttacctttgatattaggatctcctgatatggcttttccacggttaaataatatgagtttttggtttttaccccctgcattttttctacttcttatttcttctcttattgagagcggtgttaggacaggttggacagtttaccctcctttagctgggaatttagcacattcaaggccagcattagatagtgctattttttcactacatttggctagggtttctagtatcttgggtagtttaaattttataactactatatttaatataaaggcaaaaggttggagattatttaatatacctttatttgtatggactgttttagtcacaacggttttattgttattatctttgccagtattagctgcagcaattacaatattgttgtttgatcgtaattttaacacatccttctttgatccagcaggtgggggagat"
"Haplo_23",0,0,0,0,0,0,0,0,0,0,0,2,"ggactctatattttatttttagaatttgagcaggtttggtaggaactgggataagtgtcttaattcgtatggagctgtcacaaacaggtccagtaattggtgatgggcagttgtataatgttattgtcactgcacatgcttttgtaataatcttttttttcgttatgcccataataattaggggttttggaaactggttgttacctttgatattaggatctcctgatatggcttttccacggttaaataatatgagtttttggtttttacccccagcattttttctacttcttatttcttctcttattgagagcggtgttaggacaggttggacagtttaccctcctttagctgggaatttagcacattcaaggccagcattagatagtgctattttttcactacatttggctagggtttctagtatcttgggtagtttaaattttataactactatatttaatataaaggcaaaaggttggagattatttaatatacctttatttgtatggactgttttagtcacaacggttttattgttactatctttgccagtattagctgcagcaattacaatattgttgtttgatcgtaattttaacacatccttctttgatccagcaggtgggggagat"
"Haplo_24",0,0,0,0,0,0,0,0,0,0,0,1,"ggactctatattttatttttagaatttgagcaggtttggtaggaactgggataagtgtcttaatccgtatggagctgtcacaaacaggtccagtaattggtgatgggcagttgtataatgttattgtcactgcacatgcttttgtaataatcttttttttcgttatgcccataataattaggggttttggaaactggttgttacctttgatattaggatctcctgatatggcttttccacggttaaataatatgagtttttggtttttacccccagcattttttctacttcttatttcttctcttattgagagcggtgttaggacaggttggacagtttaccctcctttagctgggaatttagcacattcaaggccagcattagatagtgctattttttcactacatttggctagggtttctagtatcttgggtagtttaaattttataactactatatttaatataaaggcaaaaggttggagattatttaatatacctttatttgtatggactgttttagtcacaacggttttattgttattatctttgccagtattagctgcagcaattacaatattgttgtttgatcgtaattttaacacatccttctttgatccagcaggtgggggagat"
"Haplo_25",0,0,0,0,0,0,0,0,0,0,0,0,"ggactctatattttatttttagaatttgagcaggtttggtaggaactgggataagtgtcttaattcgtatggagctgtcacaaacaggtccagtaattggtgatgggcagttgtataatgttattgtcactgcacatgcttttgtaataatcttttttttcgttatgcccataataattaggggttttggaaactggttgttacctttgatattaggatctcctgatatggcttttccacggttaaataatatgagtttttggtttttacccccagcattttttctacttcttatttcttctcttattgagagcggtgttaggacaggttggacagtttaccctcctttagctgggaatttagcacattcaaggccagcattagatagtgctattttttcattacatttggctagggtttctagtatcttgggtagtttaaattttataactactatatttaatataaaggcaaaaggttggagattatttagtatacctttatttgtatggactgttttagtcacaacggttttattgttattatctttgccagtattagctgcagcaattacaatattgttgtttgatcgtaattttaacacatccttctttgatccagcaggtgggggagat"
"Haplo_26",0,0,0,0,0,0,0,0,0,0,0,0,"ggactctatattttatttttagaatttgagcaggtttggtaggaactgggataagtgtcttaattcgtatggagctgtcacaaacaggtccagtaattggtgatgggcagttgtataatgttattgtcactgcacatgcttttgtaataatcttttttttcgttatgcccataataattaggggttttggaaactggttgttacctttgatattaggatctcctgatatggcttttccacggttaaataatatgagtttttggtttttacccccagcattttttctacttcttatttcttctcttattgagagcggtgttaggacaggttggacagtttaccctcctttagctgggaatttagcacattcaaggccagcattagatagtgctattttttcattacatttggctagggtttctagtatcttgggtagtttaaattttataactactatatttaatataaaggcaaaaggttggagattatttaatatacctttatttgtatggactgttttagtcacaacggttttattgttattatctttgccagtattagctgcagcaattacaatattgttgtttgatcgtaattttaatacatccttctttgatccagcaggtgggggagat"
"Haplo_27",0,0,0,0,0,0,0,0,0,0,0,0,"ggactctatattttatttttagaatttgagcaggtttggtaggaactgggataagtgtcttaattcgtatggagctgtcacaaacaggtccagtaattggtgatgggcagttgtataatgttattgtcactgcgcatgcttttgtaataatcttttttttcgttatgcccataataattaggggttttggaaactggttgttacctttgatattaggatctcctgatatggcttttccacggttaaataatatgagtttttggtttttacccccagcattttttctacttcttatttcttctcttattgagagcggtgttaggacaggttggacagtttaccctcctttagctgggaatttagcacattcaaggccagcattagatagtgctattttttcactacatttggctagggtttctagtatcttgggtagtttaaattttataactactatatttaatataaaggcaaaaggttggagattatttaatatacctttatttgtatggactgttttagtcacaacggttttattgttattatctttgccagtattagctgcagcaattacaatattgttgtttgatcgtaattttaacacatccttctttgatccagcaggtgggggagat"
"Haplo_28",0,0,0,0,0,0,0,0,0,0,0,0,"ggactctatattttatttttagaatttgagcaggtttggtaggaactgggataagtgtcttaattcgtatggagctgtcacaaacaggtccagtaattggtgatgggcagttgtataatgttattgtcactgcacatgcttttgtaataatcttttttttcgttatgcccataataattaggggttttggaaactggttgttacctttgatattaggatctcctgatatggcttttccacggttaaataatatgagtttttggtttttacccccagcattttttctacttcttatttcttctcttattgagagcggtgttaggacaggttggacagtttaccctcctttagctgggaatttagcacattcaaggccagcattagatagtgctattttttcactacatttggctagggtttcgagtatcttgggtagtttaaattttataactactatatttaatataaaggcaaaaggttggagattatttaatatacctttatttgtatggactgttttagtcacaacggttttattgttattatctttgccagtattagctgcagcaattacaatattgttgtttgatcgtaattttaacacatccttctttgatccagcaggtgggggagat"
"Haplo_29",0,0,0,0,0,0,0,0,0,0,0,0,"ggaccctatattttatttttagaatttgagcaggtttggtaggaactgggataagtgtcttaattcgtatggagctgtcacaaacaggtccagtaattggtgatgggcagttgtataatgttattgtcactgcacatgcttttgtaataatcttttttttcgttatgcccataataattaggggttttggaaactggttgttacctttgatattaggatctcctgatatggcttttccacggttaaataatatgagtttttggtttttacccccagcattttttctacttcttatttcttctcttattgagagcggtgttaggacaggttggacagtttaccctcctttagctgggaatttagcacattcaaggccagcattagatagtgctattttttcactacatttggctagggtttctagtatcttgggtagtttaaattttataactactatatttaatataaaggcaaaaggttggagattatttaatatacctttatttgtatggactgttttagtcacaacggttttattgttattatctttgccagtattagctgcagcaattacaatattgttgtttgatcgtaattttaacacatccttctttgatccagcaggtgggggagat"
"Haplo_30",0,0,0,0,0,0,0,0,0,0,0,0,"ggactctatattttatttttagaatttgagcaggtttggtaggaactgggataagtgtcttaattcgtatggagctgtcacaaacaggtccagtaattggtgatgggcagttgtataatgttattgtcactgcacatgcttttgtaataatcttttttttcgttatgcccataataattaggggttttggaaactggttgttacctttgatattaggatctcctgatatggcttttcctcggttaaataatatgagtttttggtttttacccccagcattttttctacttcttatttcttctcttattgagagcggtgttaggacaggttggacagtttaccctcctttagctgggaatttagcacattcaaggccagcattagatagtgctattttttcactacatttggctagagtttctagtatcttgggtagtttaaattttataactactatatttaatataaaggcaaaaggttggagattatttaatatacctttatttgtatggactgttttagtcacaacggttttattgttattatctttgccagtattagctgcagcaattacaatattgttgtttgatcgtaattttaacacatccttctttgatccagcaggtgggggagat"
"Haplo_31",0,0,0,0,0,0,0,0,0,0,0,0,"ggactctatattttatttttagaatttgagcaggtttggtaggaactgggataagtgtcttaattcgtatggagctgtcacaaacaggtccagtaattggtgatgggcagttgtataatgttattgtcactgcacatgcttttgtaataatcttttttttcgttatgcccataataattaggggttttggaaactggttgttacctttgatattaggatctcctgatatggcttttccacggttaaataatatgagtttttggtttttacccccagctttttttctacttcttatttcttctcttattgagagcggtgttaggacaggttggacagtttaccctcctttagctgggaatttagcacattcaaggccagcattagatagtgctattttttcactacatttggctagggtttctagtatcttgggtagtttaaattttataactactatatttaatataaaggcaaaaggttggagattatttaatatacctttatttgtatggactgttttagtcacaacggttttattgttattatctttgccagtattagctgcagcaattacaatattgttgtttgatcgtaattttaacacatccttctttgatccagcaggtgggggagat"
"Haplo_32",0,0,0,0,0,0,0,0,0,0,0,0,"ggactctatattttatttttagaatttgagcaggtttggtaggaactgggataagtgtcttaattcgtatggagctgtcacaaacaggtccagtaattggtgatgggcagttgtataatgttattgtcactgcacatgcttttgtaataatcttttttttcgttatgcccataataattaggggttttggaaactggttgttacctttgatgttaggatctcctgatatggcttttccacggttaaataatatgagtttttggtttttacccccagcattttttctacttcttatttcttctcttattgagagcggtgttaggacaggttggacagtttaccctcctttagctgggaatttagcacattcaaggccagcattagatagtgctattttttcactacatttggctagagtttctagtatcttgggtagtttaaattttataactactatatttaatataaaggcaaaaggttggagattatttaatatacctttatttgtatggactgttttagtcacaacggttttattgttattatctttgccagtattagctgcagcaattacaatattgttgtttgatcgtaattttaacacatccttctttgatccagcaggtgggggagat"
"Haplo_33",0,0,0,0,0,0,0,0,0,0,0,0,"ggactctatattttatttttagaatttgagcaggtttggtaggaactgggataagtgtcttaattcgtatggagctgtcacaaacaggtccagtaattggtgatgggcagttgtataatgttattgtcactgcacatgcttttgtaataatcttttttttcgttatgcctataataattaggggttttggaaactggttgttacctttgatattaggatctcctgatatggcttttccacggttaaataatatgagtttttggtttttacccccagcattttttctacttcttatttcttctcttattgagagtggtgttaggacaggttggacagtttaccctcctttagctgggaatttagcacattcaaggccagcattagatagtgctattttttcactacatttggctagggtttctagtatcttgggtagtttaaattttataactactatatttaatataaaggcaaaaggttggagattatttaatatacctttatttgtatggactgttttagtcacaacggttttattgttattatctttgccagtattagctgcagcaattacaatattgttgtttgatcgtaattttaacacatccttttttgatccagcaggtgggggagat"
"Haplo_34",0,0,0,0,0,0,0,0,0,0,0,0,"gaactctatattttatttttagaatttgagcaggtttggtaggaacagggataagtgtcttaattcgtatggagctgtcacaaacaggtccagtaattggtgatgggcagttgtataatgttattgtcactgcacatgcttttgtaataatctttttttttgttatgcccataataatcaggggttttggaaactggttgttacctttgatattaggatctcctgatatggcttttccacggttaaataatatgagtttttggtttttacctccagcattttttctacttcttatttcttctcttattgagagcggtgttaggacaggttggacagtttaccctcctttagctgggaatttagcacattcaaggccagcattagatagtgctattttttcactacatttggctagggtttctagtatcttgggtagtttaaattttataactactatatttaatataaaggcaaaaggttggagattatttaatatacctttatttgtatgaactgttttagttacaacggttttattgttactatctctgccagtattagctgcagcaattacaatattgttgtttgatcgtaattttaatacatccttctttgatccagcaggtgggggagat"
"Haplo_35",0,0,0,0,0,0,0,0,0,0,0,0,"ggactctatattttatttttagaatttgagcaggtttggtaggaactgggataagtgtcttaattcgtatggagctgtcacaaacaggtccagtaattggtgatgggcagttgtataatgttattgtcactgcacatgcttttgtaataatcttttttttcgttatgcccataataattaggggttttggaaactggttgttacctttgatattaggatctcctgatatggcttttccacggttaaataatatgagtttttggtttttacccccagcattttttctacttcttatttcttctcttattgagagcggtgttaggacaggttggacagtttaccctcctttagctgggaatttagcacactcaaggccagcattagatagtgctattttttcactacatttggctagggtttctagtatcttgggtagtttaaattttataactactatatttaatataaaggcaaaaggttggagattatttaatatacctttatttgtatggactgttttagtcacaacggttttattgttattatctttgccagtattagctgcagcaattacaatattgttgtttgatcgtaattttaacacatccttctttgatccagcgggtgggggagat"
"Haplo_36",0,0,0,0,0,0,0,0,0,0,0,0,"ggactctatattttatttttagaatttgagcaggtttggtaggaactgggataagtgtcttaattcgtatggagctgtcacaaacaggtccagtaattggtgatgggcagttgtataatgttattgtcactgcacatgcttttgtaataatcttttttttcgttatgcccataataattaggggttttggaaactggttgttacctttgatattaggatctcctgatatggcttttccacggttaaataatatgagtttttggtttttacccccagcattttttctacttcttatttcttctcttattgagagcggtgtaaggacaggttggacagtttaccctcctttagctgggaatttagcacattcaaggccagcattagatagtgctattttttcactacatttggctagggtttctagtatcttgggtagtttaaattttataactactatatttaatataaaggcaaaaggttggagattatttaatatacctttatttgtatggactgttttagtcacaacggttttattgttattatctttgccagtattagctgcagcaattacaatattgttgtttgatcgtaattttaacacatccttctttgatccagcaggtgggggagat"
"Haplo_37",0,0,0,0,0,0,0,0,0,0,0,0,"ggactctatattttatttttagaatttgagcaggtttggtaggaactgggataagtgtcttaattcgtatggagctgtcacaaacaggtccagtaattggtgatgggcagttgtataatgttattgtcactgcacatgcttttgtaataatctttttttttgttatgcccataataattaggggttttggaaactggttgttacctttgatattaggatctcctgatatggcttttccacggttaaataatatgagtttttggtttttacccccagcattttttctacttcttatttcttctcttattgagagcggtgttaggacaggttggacagtttaccctcctttagctgggaatttagcacattcaaggccagcattagatagtgctattttttcactacatttggctagggtttctagtatcttgggtagtttaaattttataactactatatttaatataaaggcaaaaggttggagattatttaatatacctttatttgtatggactgttttagtcacaacggttttattgttattatctttgccagtattagctgcagcaattacaatattgttgtttgatcgtaattttaacacatccttctttgatccagcaggtgggggagat"
