"","Z.BR1","Z.BR2","Z.BR3","Z.DU1","Z.DU2","Z.DU3","Z.EL1","Z.EL2","Z.EL3","Z.HB1","Z.HB2","Z.HB3","Z.KN1","Z.KN2","Z.KN3","Z.MB1","Z.MB2","Z.MB3","Z.PA1","Z.PA2","Z.PA3","Z.PE1","Z.PE2","Z.PE3","Z.RB1","Z.RB2","Z.RB3","Z.SB1","Z.SB2","Z.SB3","Z.SM1","Z.SM2","Z.SM3","Z.SY1","Z.SY2","Z.SY3","Z.TB1","Z.TB2","Z.TB3","seqs","OTU","assignmentQual","taxID","superkingdom","phylum","class","order","family","genus","species"
"OTU_3",0.000741485555074963,0.000889366511645143,0.000761064710014831,0,0,0,0,0,0,0.0553134770445944,0.0544035601243088,0.0538110680481953,0.000186707414741042,0.00021829205005066,0.000152548756012566,0,0,0,0.000252721186459465,0.000316055625790139,0.000126086991889759,0,0,0,0,0,0,0,0,0,0.000866778735028367,0.000697103534812853,0.000841984259431988,0,0,0,0,0,0,"agccgcggtaattccagctccaacagtgtatgctaaagttgttgcggttgaaaagctcgtagttggatctagggtgtgcgccgccggtccgtcgcaaggcgtgtcactggcggcgcgtgccttgccttcggttctccgtcggtgctcttgactgagtgtcggcggtggccgataagtttactttgaaaaaattagagtgttcaaagcaggctgttcgcctgtatagtgttgcatggaataatggaataggacctcggttctattttgttggttttcggagcacgaggtaatgattaagagggacagacgggggcgtccgtactctgccgttagaggtgaaattcttggatcggcggaagacgaactactgcgaaagcattcgccaagaatgttttctttaatcaagagcgaaagtcagaggttcg","OTU_3","High-MH","None","Eukaryota","Chordata","Ascidiacea","Stolidobranchia","Pyuridae","Pyura",NA
"OTU_7",0,0,0,0,0,0,0,0,0,0.00232022379463551,0.00244265909100239,0.00235402236509569,0.000186707414741042,0.000201817178348724,0.000171617350514137,0.000210895437215188,0.000208155740142339,0.000168573656151885,0,0,0,0,0,0,0,0,0,0,0,0,0.000814246690481194,0.000677186290961057,0.000690729602048996,0.000161819280227842,0.000188415267249017,0.000209700594151683,0,3.14218381775334e-05,0,"agccgcggtaattccagctccaacagtgtatgctaaagttgttgcggttgaaaagctcgtagttggatctagggtgtgcgccgccggtccgtcgcaaggcgtgtcactggcggcgtgtgccttgccttcggttctccgtcggtgctcttgactgagtgtcggcggtggccgataagtttactttgaaaaaattagagtgttcaaagcaggctgttcgcctgtatagtgttgcatggaataatggaataggacctcggttctattttgttggttttcggagcacgaggtaatgattaagagggacagacgggggcgtccgtactctgccgttagaggtgaaattcttggatcggcggaagacgaactactgcgaaagcattcgccaagaatgttttctttaatcaagagcgaaagtcagaggttcg","OTU_7","High-MH","None","Eukaryota","Chordata","Ascidiacea","Stolidobranchia","Pyuridae","Pyura",NA
"OTU_23",0,0,0,6.98271509448151e-05,4.47712190705495e-05,8.79144659872456e-05,0.00061395242582598,0.000697502070709272,0.000677898409829001,0.00150403159453678,0.00146149014520479,0.0016383995661066,0.0137770418666811,0.0145431929948846,0.0140773898907846,0.0203534772935913,0.0206916717879587,0.0228259266283162,0.0730984947571438,0.0720164348925411,0.0722722502867462,0.00529184895807381,0.00497948549374825,0.00561822736773448,0.00185664342570464,0.00182280506271249,0.00198273396260759,0.00259705690863899,0.00282789819566496,0.00291162365836949,0.0260243748686699,0.0250210375888185,0.0261216793300427,0.00433136273409856,0.00497496482246872,0.00522698147644752,0.0539921386220655,0.0526959937156324,0.0543587102680743,"agccgcggtaattccagctccaaaagtgtatatttaagttgttgcggttaaaaagctcgtagttggattttgggctcgggccgtcggtccgtcgcaaggcgtgtactggcgtgcccggcctcaccttcggttcaccgtcggtgctcttgactgagtgttggcggcggccggaacgtttactttgaaaaaattagagtgttcaaagcaggcggttcgcctgaataatggtgcatggaataatggaataggacctcggttctattttgttggttttcggagcgcgaggtaatgattaagagggacggacgggggcattcgtactgtgccgctagaggtgaaattcttggatcggcgcaagacgaacaactgcgaaagcatttgccaagaatgttttctttaatcaagagcgaaagtcagaggttcg","OTU_23","High-MH","None","Eukaryota","Chordata","Ascidiacea","Enterogona","Clavelinidae","Clavelina",NA
"OTU_24",0,0,0,0,0,0,0,0,0,0,0,0,0.00128729849110929,0.00117795332668847,0.00115841711597042,0.247409294285974,0.249846361239419,0.241049792443686,0,0,0,0.000936786821203273,0.000931370758610614,0.00120567060486122,0.00178422116441828,0.00164566726664952,0.00178771094989209,0,0,0,0.000299432653918891,0.000268882791999243,0.000302509314765984,0.00067424700094934,0.0005532192953269,0.000574734961749058,0,0,0,"agccgcggtaattccagctccaacagtgtatgctaaagttgttgcggttgaaaagctcgtagttggattttgggcgagcgcagccggtccgtcgcagggcgtgttactggttgcgttcgcctcaccttcggttctccgtcggtgctcttgactgagtgtcggcggtggccgataagtttactttgaaaaaattagagtgttcaaagcaggctgctcgcctgcatagtgttgcatggaataatggaataggacctcggttctattttgttggttttcggagcacgaggtaatgattaagagggacagacgggggcgtccgtactctgccgttagaggtgaaattcttggatcggcggaagacgaactactgcgaaagcattcgccaagaatgttttctttaatcaagagcgaaagtcagaggttcg","OTU_24","High-MH","None","Eukaryota","Chordata","Ascidiacea","Stolidobranchia","Styelidae",NA,NA
"OTU_26",0,0,0,0,0,0,0,0,0,0,0,0,0.000702609481788657,0.000749606662438116,0.000634030767177228,0.00667008510251172,0.00648752056776956,0.00641106686052637,0,0,0,0.0681462583339147,0.0648367970585729,0.0667516565617634,0,0,0,0.00180570992816728,0.00172793779423941,0.00179615999437877,0.0320498003782307,0.0306576175988767,0.0301853877917324,0.0612863553982912,0.0638687667619433,0.0620713758688983,0.000261117513325697,0.000175962293794187,0.000264641089462993,"agccgcggtaattccagctccaacagtgtatgctaaagttgttgcggttgaaaagctcgtagttggatctagggtgtgcgtcgccggtccgtcgcaaggcgtgtcactggcggcgcgtgccttgccttcggttctccgtcggtgctcttgactgagtgtcggcggtggccgataagtttactttgaaaaaattagagtgttcaaagcaggctgttcgcctgtatagtgttgcatggaataatggaataggacctcggttctattttgttggttttcggagcacgaggtaatgattaagagggacagacgggggcgtccgtactctgccgttagaggtgaaattcttggatcggcggaagacgaactactgcgaaagcattcgccaagaatgttttctttaatcaagagcgaaagtcagaggttcg","OTU_26","High-MH","None","Eukaryota","Chordata","Ascidiacea","Stolidobranchia","Pyuridae","Pyura",NA
"OTU_31",0,0,0,0,0,0,0.000146349124760844,8.23439944587335e-05,0.00014188571368514,0.12249136086885,0.120572936979395,0.120243462409088,0,0,0,0,0,0,0,0,0,0,0,0,0,0,0,0.00589553500451427,0.00593178645568759,0.00649955205789871,0.000651397352384955,0.000622413870368618,0.000584851341880902,0.00029666868041771,0.000296653825030367,0.000380567744941944,0.00168507835266183,0.00181932443047918,0.00146983091580122,"agccgcggtaattccagctccaatagtgtatgctaaagttgttgcggttgaaaagctcgtagttggattttgggcgggcgcggccggtccgtcgcagggcgtgttactggccgcgtctgcctcaccttcggttctctgtcggtgctcttgactgagtgtcggcggtgtccgataagtttactttgaaaaaattagagtgttcaaagcaggctgctcgcctgaatagtgttgcatggaataatggaataggacctcggttctattttgctggttttcggagcacgaggtaatgattaagagggacagacgggggcgtccgtactctgccgttagaggtgaaattcttggatcggcggaagacgaactactgcgaaagcattcgccaagaatgttttctttaatcaagagcgaaagtcagaggttcg","OTU_31","High-MH","None","Eukaryota","Chordata","Ascidiacea","Stolidobranchia","Styelidae",NA,NA
"OTU_32",0,0,0,0,0,0,0,0,0,0,0,0,0.00591076368245982,0.00633458816939463,0.00656436365716574,0,0,0,0,0,0,0,0,0,0,0,0,0,0,0,0.00212754780416054,0.00222575200043818,0.00230411261413424,0,0,0,0.0833382655530295,0.0802529457973291,0.0817776728750036,"agccgcggtaattccagctccaaaagtgtatatttaagttgttgcggttaaaaagctcgtagttggattttgggcgcaggcggccggtccgtcgcaaggcgtgtactggccgtcctggcctcacctccggttctccgccggtgcccttgactgagtgtcggcggcggccggaacgtttactttgaaaaaattagagtgttcaaagcaggcgattcgcctgaataatggtgcatggaataatggaataggacctcggttctattttgttggttttcggagcgcgaggtaatgattaagagggacagacgggggcattcgtactgtgccgttagaggtgaaattcttggatcggcgcaagacgaacgactgcgaaagcatttgccaagaatgttttctttaatcaagagcgaaagtcagaggttcg","OTU_32","High","201961","Eukaryota","Chordata","Ascidiacea","Enterogona","Ascidiidae","Ascidiella","Ascidiella aspersa"
"OTU_35",0,0,0,0,0,0,0.00171692509780405,0.00180188034933229,0.00164482327346107,0.000115188415336515,0.000110843353709352,0.000154423867150277,0.0104359618134203,0.0108610591695017,0.0104066854492323,0.00372995459545293,0.00388557381599033,0.00359272604673705,0.0405063291139241,0.0352022756005057,0.0409782723641718,0.00293493317919536,0.00278802488525269,0.00333535925525134,0,0,0,0.00442075199545335,0.00414385082137043,0.00435645651448346,0.0477463752889262,0.0473482679466815,0.0458957048719125,0.00348450850090619,0.00410905636021792,0.00401149469923498,0.01835133883653,0.0167478397486253,0.020348754041141,"agccgcggtaattccagctccaacagtgtatgctaaagttgttgcggttgaaaagctcgtagttggatattgggcgagcgcggtcggtccgtcgcagggcgtgcactggtcgcgttcgcctcgacttcggttctccgtcggtgctcttgactgagtgtcggcggtggccgagaagtttactttgaaaaaattagagtgttcaaagcaggctggtcgcctgtatagtgttgcatggaataatggaataggacctcggttctattttgttggttttcggaacggaggtaatgattaagagggacagacgggggtgtccgtactctgccgttagaggtgaaattcttggatcggcggaagacgaactactgcgaaagcattcaccaagaatgttttctttaatcaagagcgaaagtcagaggttcg","OTU_35","High-MH","None","Eukaryota","Chordata","Ascidiacea","Stolidobranchia","Styelidae",NA,NA
"OTU_37",0.00118525342515771,0.00113950084304534,0.001042073218328,0,0,0,0,0,0,0.0225045252591739,0.0231744715440479,0.022707841342659,0,0,0,0.0305881088055048,0.0331314553059889,0.0282255515519312,0.000133011150768139,0.000208596713021492,0.000154558248122931,0,0,0,0,0,0,0.00963644800310784,0.00942766060421825,0.00922233737945088,0.0343244379071233,0.034820321563902,0.036734714456416,0.00366790368516441,0.00390460575107537,0.00346005980350278,0.000233264978570956,0.000180675569520817,0.000293250936972506,"agccgcggtaattccagctccaaaagtgtatgctaaagttgttgcggttgaaaagctcgtagttggatattgggcgagcgcggtcggtccgtcgcagggcgtgcactggtcgcgttcgcctcggcttcggttctccgtcggtgctcttgactgagtgtcggcggtggccgagaagtttactttgaaaaaattagagtgttcaaagcaggctggtcgcctgaatagtgttgcatggaataatggaataggacctcggttctattttgttggttttctgaacggaggtaatgattaagagggacagacgggggcgtccgtactctgccgttagaggtgaaattcttggatcggcggaagacgaactactgcgaaagcattcgccaagaatgttttctttaatcaagagcgaaagtcagaggttcg","OTU_37","Low","581057","Eukaryota","Chordata","Ascidiacea","Stolidobranchia","Styelidae","Botrylloides","Botrylloides violaceus"
"OTU_70",0,0,0,0,0,0,0.00721751049430309,0.00667955107991727,0.00723091637150935,0,0,0,0.0151380406530829,0.015984744268804,0.014773393590092,0.00301869939543308,0.00317189699264516,0.00315022019933835,0.0116828127424682,0.0102465233881163,0.0106075766080159,0.0252683296293713,0.0219815673813263,0.0239602326351315,0.00336434322884776,0.00354847004371304,0.00350391346178849,0,0,0,6.30384534566085e-05,0,0,0,0,0,0,0,0,"agccgcggtaattccagctccaacagtgtatgctaaagttgttgcggttgaaaagctcgtagttggatcttggctgggcgccgccggtccgtcgcaaggcgtgttactggcggcgctctcccccggttttcggttcgcccgatcggtgctcttgactgagtgtcgtcggtggccgatgagattactttgaaaaaattagagtgttcaaagcaggctcctcgcctgaatagtgttgcatggaataatggaataggacctcggttctattttgttggttttcggaacgttgaggtaatgattaagagggacagacgggggcgtccgtactctgccgttagaggtgaaattcttggatcggcggaagacgaactactgcgaaagcattcgccaagaatgttttctttaatcaagagcgaaagtcagaggttcg","OTU_70","High-MH","None","Eukaryota","Chordata","Ascidiacea","Stolidobranchia","Pyuridae","Microcosmus",NA
"OTU_71",0,0,0,0,0,0,0,0,0,0.00163896659535955,0.00161749190227722,0.00169866253865305,0.000550295538184123,0.00053543333031294,0.000457646268037699,0,0,3.68754872832248e-05,0.000381298632202,0.000151706700379267,0.000288779884650739,0,0,0,0,0,0,0.00675882261957433,0.00675575679275546,0.00700458481915436,0.000168102542550956,0.000164317261777315,0.000146212835470226,2.69698800379736e-05,0,0,0.0289387836101759,0.0258554595443833,0.0277050610820244,"agccgcggtaattccagctccaaaagtatatatttaagttgttgcggttgaaaagctcgtagttggattttgggcgcgggcggtcggtccgtcgcgaggcgtgtactggtcgacccggccttacgtccggttctccggcggtgctcttgactgagtgtcggcggcggccggaaagtttactttgaaaaaattagagtgttcaaagcaggctctcgagcctgaataatggtgcatggaataatggaataggacctcggttctattttgttggttttcggagcgcgaggtaatgattaagagggacagacgggggcattcgtactgtgccgttagaggtgaaattcttggatcggcgcaagacgaacgactgcgaaagcatttgccaagaatgttttctttaatcaagagcgaaagtcagaggttcg","OTU_71","High","7719","Eukaryota","Chordata","Ascidiacea","Enterogona","Cionidae","Ciona","Ciona intestinalis"
"OTU_98",0,0,0,0,0,0,9.99457437391131e-05,0,8.93354493573103e-05,0.00103669573802863,0.00117001317804316,0.000934076074469968,0,0,0,0,0,0,0.0341040590569509,0.0340012642225032,0.0352962230844946,0,0,0,0,0,0,0.000255389252788599,0.000259990640336948,0.000272278532155216,0.00098234923303215,0.00101577943644159,0.000892402478559652,0.0001024855441443,0,9.32002640674149e-05,0.00223168434722362,0.00227965435978005,0.00233170257202529,"agccgcggtaattccagctccaaaagtgtatatttaagttgttgcggttaaaaagctcgtagttggattttgggcgcaggcgttcggtccgtcgcaaggcgtgcactgttcgttctggctttacctccggttttccgtcggtgctcttgactgagtgtcggcggcggccgggacgtttaccttgaaaaaattagagtgttcaaagcaggcgcttcgcctggatagtgttgcatggaataatgaaataggacctcggttcttttttgttggttttcggagcgcgaggtaatgattaagagggacggacgggggcattcgtactgtgccgttagaggtgaaattcttggatcggcgcaagacgaacgactgcgaaagcatttgccaagaatgttttctttaatcaagagcgaaagtcagaggttcg","OTU_98","High","431183","Eukaryota","Chordata","Ascidiacea","Enterogona","Corellidae","Corella","Corella eumyota"
"OTU_168",0.000376360092348655,0.00038909784884475,0.000378580907033019,0,0,0,0,0,0,0.000845812078328122,0.000841588426311749,0.000839915179866141,0,0,0,0,0,0,0.000115276330665721,0,0,0,0,0,0,0,0,0,0,0,0.000204874973733978,0.000184234505629111,0.000357969355806414,0,0,0,0,0,0,"agccgcggtaattccagctccaacagtgtatgctaaagttgttgcggttgaaaagctcgtagttggattttgggcgggcgcagccggtccgtcgcagggcgtgttactggttgcgttcgcctcaccttcggttctccgtcggtgctcttgactgagtgtcggcggtggccgataagtttactttgaaaaaattagagtgttcaaagcaggctgctcgcctgcatagtgttgcatggaataatggaataggacctcggttctattttgttggttttcggagcacgaggtaatgattaagagggacagacgggggcgtccgtactctgccgttagaggtgaaattcttggatcggcggaagacgaactactgcgaaagcattcgccaagaatgttttctttaatcaagagcgaaagtcagaggttcg","OTU_168","High-MH","None","Eukaryota","Chordata","Ascidiacea","Stolidobranchia","Styelidae",NA,NA
"OTU_184",0.00647676397728358,0.00589205313964907,0.00622902193427523,0,0,0,0.000146349124760844,0.000203438103956871,0,0,0,0,0,0,0,0.000111650525584511,0.000148682671530242,0.000147501949132899,0.00131237668757898,0.00118836915297092,0.00148863996876296,0.00513239588212431,0.00427334818656635,0.0047189156870593,0,0,0,0,0,0,0,0,0,0,0,0,0,0,0,"agccgcggtaattccagctccaaaagtgtatatttaagttgttgcggttaaaaagctcgtagttggattttgggcgcaggcggccggtccgtcgcaaggcgtgcactggccgtcctggcctcacccccggttctccgccggtgcccttgactgagtgtcggcggcggccgggacgtttactttgaaaaaattagagtgttcaaagcaggcggttcgcctgaataatggtgcatggaataatggaataggacctcggttctattttgttggttttcggagcgcgaggtaatgattaagagggacggacgggggcattcgtactgtgccgttagaggtgaaattcttggatcggcgcaagacgaacgactgcgaaagcatttgccaagaatgttttctttaatcaagagcgaaagtcagaggttcg","OTU_184","High","79730","Eukaryota","Chordata","Ascidiacea","Enterogona","Ascidiidae","Ascidia","Ascidia sydneiensis"
"OTU_204",0,0,0,0,0,0,0.000174905051543448,0.00023734445461635,0.000178670898714621,0.00368602929076847,0.00385488552344747,0.00387566242189354,0.00013266053152653,0.000111205383988072,0.000119178715634817,0,0,0,0,0,0,0.00220244561155238,0.00241060666934512,0.00244593012051765,0,0,0,0.00151435035808451,0.00153594470599058,0.00152827305145186,0.00190691321706241,0.00178259332473572,0.00245536727151724,0.000188789160265815,0.000232512457456234,0.000217467282823968,0.00178952535799211,0.00158366064414768,0.00162718507710354,"agccgcggtaattccagctccaaaagtgtatgctaaagttgttgcggttgaaaagctcgtagttggatatagagctggcgcggccggtccgtcgcagggcgtgcactggtcgcgtcgtctccgccttcggttctccgcgggtgctcttgactgagtgcgcgcggtggccgacaagtttactttgaaaaaattagagtgttcaaagcaggccggtcgcctgcatagtgttgcatggaataatggaataggacctcggttctattttgttggttttcggaagcgaggtaatgattaagagggacagccgggggcgtccgtactctgccgttagaggtgaaattcttggatcggcggaagacgaactactgcgaaagcattcgccaagaatgttttctttaatcaagagcgaaagtcagaggttcg","OTU_204","Low","30301","Eukaryota","Chordata","Ascidiacea","Stolidobranchia","Styelidae","Botryllus","Botryllus schlosseri"
"OTU_252",0.00188741777655445,0.00192696077523114,0.00186948715947233,0,0,0,0,0,0,0,0,0,0,0,0,9.92449116306766e-05,0.000168507027734274,0.000147501949132899,0,0,0.000296914529288788,0,0,0,0,0,0,0,0,0,0.00117671779785669,0.0014340415573293,0.0011848281495001,0,0,0,0,0,0,"agccgcggtaattccagctccaacagtgtatgctaaagttgttgcggttgaaaagctcgtagttggatgttgggcgagcgcggtcggtccgtcgcagggcgtgtactggtcgcgttcgtctcgagcttcggttctccgtcggtgctcttgactgagtgtcggcggtggccgagaagtttactttgaaaaaattagagtgttcaaagcaggctggtcgcctgaatagtgttgcatggaataatggaataggacctcggttctattttgttggttttcggaacggaggtaatgattaagagggacagacgggggtgtccgtactctgccgttagaggtgaaattcttggatcggcggaagacgaactactgcgaaagcattcaccaagaatgttttctttaatcaagagcgaaagtcagaggttcg","OTU_252","High-MH","None","Eukaryota","Chordata","Ascidiacea","Stolidobranchia","Styelidae",NA,NA
"OTU_259",0,0,0,0,0,0,0,0,0,0,0,0,0,0,0,0,0,0,0,0,0,0,0,0,0.0137470619605365,0.01397102939916,0.0141846737915074,0,0,0,0,0,0,0,0,0,0,0,0,"agccgcggtaattccagctccaaaagtgtatatttaagttgctgcggttaaaaagctcgtagttggattttgggcgcaggcggccggtccgtcgcaaggcgtgcactggccgacctggccttaccttcggttccccgccggtgctcttgactgagtgtcggcggcggccggaacgtttactttgaaaaaattagagtgttcaaagcaggcggctcgcctgaataatggtgcatggaataatggaataggacctcggttctattttgttggttttcggagcgcgaggtaatgattaagagggacagacgggggcattcgtactgtgccgttagaggtgaaattcttggatcggcgcaagacgaacgactgcgaaagcatttgccaagaatgttttctttaatcaagagcgaaagtcagaggttcg","OTU_259","High-MH","None","Eukaryota","Chordata","Ascidiacea","Enterogona","Perophoridae",NA,NA
"OTU_288",0,0,0,0,0,0,0,0,0,0.00081290110251769,0.00110022291830024,0.00116006222151915,0.000211274179838547,0.000181223588721303,0.0001954530936411,0,4.46048014590726e-05,0,0.00331641135915228,0.00128318584070796,0.00330266572304789,0.00053815413132954,0.000353068653590952,0.000538598753810957,0,0,0,0.000320135823918103,0.0004199848805443,0.000241537407557047,0.00258982979617567,0.00200168300710548,0.00264695650420236,0.000145637352205057,0.00013229157062165,0.000159217117781834,0.000664979267269442,0.000386488609583661,0.000650874030841416,"agccgcggtaattccagctccgaaagtgtatgctaaagttgttgcggttgaaaagctcgtagttggatgtagagcgcgcggcgccggtccgtcgcagggcgtgcaccggcgtcgcgggttccgcctgtcggcgccgcccgcggtgctcttgaccgggtgccgcgggtcgggccgacgagtttactttgaaaaaattagagtgttcaaagcaggccgcccgcctgcatagtgtcgcatggaataacggaataggacctcggtctcgtttcgttggcgttcgcgggagcgaggtaatgattaagagggacggccgggggcgtccgtactctgccgtcagaggtgaaattcttggaccggcggaagacgagcagctgcgaaagcgttcgccaagaacgttttctttaatcaagagcgaaagtcagaggttcg","OTU_288","High","30301","Eukaryota","Chordata","Ascidiacea","Stolidobranchia","Styelidae","Botryllus","Botryllus schlosseri"
"OTU_411",0,0,0,0,0,0,0,0,0,0,0,0,0.000226014238897051,0.000234766921752597,0.000243124579895027,0.00149280887911143,0.0016602898320877,0.00181743473038751,0,0,0,0,0,0.000261887467449364,0.00329850480949653,0.00378846318676609,0.00368593494032296,0,0,0,0,0,0,0,0,0,0,0,0,"agccgcggtaattccagctccaacagtgtatgctaaagttgttgcggttgaaaagctcgtagttggatattgggcgagcgcggtcggtccgtcgcagggcgtgcactggtcgcgttcgcctcgacttcggttctctgtcggtgctcttgactgagtgtcggcggtggccgagaagtttactttgaaaaaattagagtgttcaaagcaggctggtcgcctgaatagtgttgcatggaataatggaataggacctcggttctattttgttggttttcggaacggaggtaatgattaagagggacagacgggggtgtccgtactctgccgttagaggtgaaattcttggatcggcggaagacgaactactgcgaaagcattcaccaagaatgttttctttaatcaagagcgaaagtcagaggttcg","OTU_411","High-MH","None","Eukaryota","Chordata","Ascidiacea","Stolidobranchia","Styelidae",NA,NA
"OTU_412",0.00260643407238472,0.00243186155527969,0.00216220435563188,0,0,0,0,0,0,0,0,0,0,0,0,0,0,0,0.000217251546254628,0,0.000146423603484882,0,0,0,0.0028573873998433,0.0028970600839976,0.00274982447928856,0,0,0,0,0,0,0,0,0,0,0,0,"agccgcggtaattccagctccaacagtgtatgctaaagttgttgcggttgaaaagctcgtagttggattttgggcgggcgcggtcggtccgtcgcagggcgtgtactggccgcgctcgcctcgacgtcggttctccgtcggtgctcttgactgagtgtcggcggtggccgagaagtttactttgaaaaaattagagtgttcaaagcaggctggtcgcctgtatagtgttgcatggaataatggaataggacctcggttctattttgttggttttcggagcgcgaggtaatgattaagagggacagacgggggcgtccgtactctgccgttagaggtgaaattcttggatcggcggaagacgaactactgcgaaagcattcgccaagaatgttttctttaatcaagagcgaaagtcagaggttcg","OTU_412","High","581062","Eukaryota","Chordata","Ascidiacea","Stolidobranchia","Styelidae","Symplegma","Symplegma rubra"
"OTU_462",0,0,0,0,0,0,0,0,0,0,0,0,0,0,0,0.00390363319080661,0.00389548599409234,0.00411425079545694,0,0,0,0,0,0,0,0,0,0,0,0,0,0,0,0,0,0,0,0,0,"agccgcggtaattccagctccaacagtgtatgctaaagttgttgcggttgaaaagctcgtagttggattttgggcgagcgcagccggtccgtcgcagggcgtgttactggttgcgttcgcctcaccttcggttctccgtcggtgctcttgactgagtgtcggcggtggccgataagtttactttgaaaaaattagagtgttcaaagcaggctgctcgcctgcatagtgttgcatggaataatggaataggacctcggttctattttgttggttttcggagcacgaggtaatgattaagagggacagacgggggtgtccgtactctgccgttagaggtgaaattcttggatcggcggaagacgaactactgcgaaagcattcgccaagaatgttttctttaatcaagagcgaaagtcagaggttcg","OTU_462","High-MH","None","Eukaryota","Chordata","Ascidiacea","Stolidobranchia","Styelidae","Styela",NA
"OTU_514",0,0,0,0,0,0,0,0,0,3.29109758104328e-05,0,0,0,0,0,0.000450737306989323,0.000401443213131654,0.000458309627662937,0,0,0,0.00320401024486013,0.00285498618162339,0.00336006562010505,0,0,0,0,0,0,0,0,0,0,0,0,0,0,0,"agccgcggtaattccagctccaaaagtgtatatttaagttgttgcggttgaaaagctcgtagttggattttgggcgcaggcgcgcggtccgtcgcaaggcgtgcactgcgcgtcctggcctcacccctggtgctccgccggtgcccttgactgggtgtcggcggcggccgggacgtttactttgaaaaaattagagtgttcaaagcaggcggttcgcctgaataatggtgcatggaataatggaataggacctcggttctattttgctggttttcggagcgcgaggtaatgattaagagggacggacgggggcattcgtactgtgccgttagaggtgaaattcttggatcggcgcaagacggacgactgcgaaagcatttgccaagaatgttttctttaatcaagagcgaaagtcagaggttcg","OTU_514","Low","79730","Eukaryota","Chordata","Ascidiacea","Enterogona","Ascidiidae","Ascidia","Ascidia sydneiensis"
"OTU_528",0.00172451564703041,0.00172777973356062,0.00184997267972836,0.000155768259799972,8.9542438141099e-05,0.000142015675825551,0,0,0,0,0,0,0,0,0,0,0,0,0.000957680285530604,0.00110619469026549,0.000976157356565878,0.000174401801819758,0,0.000177885826946738,0.000243602151599544,0.00031427673495043,0.000273032217801701,0,0,0,0,0,0,0,0,0,0,0,0,"agccgcggtaattccagctccaacagtatatgctaaagttgttgcggttgaaaagctcgtagttggactttgggcgggtgcagctggtccgtcgcagggcgtgttactggctgtgctcgcctcgacttcggttctccgtcggtgctcttgactgagtgtcggcggtggccgagaagtttactttgaaaaaattagagtgttcaaagcaggttcgaatcctgaatagtgttgcatggaataatggaataggacctcggttctattttgttggtttacggagcgcgaggtaatgattaagagggacagacgggggcgtccgtactctgccgttagaggtgaaattcttggatcggcggaagacgaactactgcgaaagcattcgccaagaatgttttctttaatcaagagcgaaagtcagaggttcg","OTU_528","High","581059","Eukaryota","Chordata","Ascidiacea","Stolidobranchia","Styelidae","Polyandrocarpa","Polyandrocarpa zorritensis"
"OTU_630",0,0,0,0,0,0,0,0,0,0,0,0,0,0,0,0.00239428349309007,0.00240865927878992,0.00262342752386371,0,0,0,0,0,0,0,0,0,0,0,0,0,0,0,0,0,0,0,0,0,"agccgcggtaattccagctccaacagtgtatgctaaagttgttgcggttgaaaagctcgtagttggattttgggcgagcgcagccggtctgtcgcagggcgtgttactggttgcgttcgcctcaccttcggttctccgtcggtgctcttgactgagtgtcggcggtggccgataagtttactttgaaaaaattagagtgttcaaagcaggctgctcgcctgcatagtgttgcatggaataatggaataggacctcggttctattttgttggttttcggagcacgaggtaatgattaagagggacagacgggggcgtccgtactctgccgttagaggtgaaattcttggatcggcggaagacgaactactgcgaaagcattcgccaagaatgttttctttaatcaagagcgaaagtcagaggttcg","OTU_630","High-MH","None","Eukaryota","Chordata","Ascidiacea","Stolidobranchia","Styelidae","Styela",NA
"OTU_667",0,0,0,0,0,0,0,0,0,0,0,0,0,0,0,0.00210895437215188,0.00207164522332137,0.0024864614282403,0,0,0,0,0,0,0,0,0,0,0,0,0,0,0,0,0,0,0,0,0,"agccgcggtaattccagctccaacagtgtatgctaaagttgttgcggttgaaaagctcgtagttggattttgggcgagcgcagccggtccgtcgcagggcgtgttactggttgcgttcgcctcaccttcggttctccgtcggtgctcttgactgagtgtcggcggtggccgataagtttactttgaaaaaattagagtgttcaaagcaggctgctcgcctgcatagtgttgcatggaataatggaataggacctcggttctattttgttggttttcggagcacgaggtaatgattaagagggacagacgggggcgtccgtactctgccgttagaggtgaaattcttggatcggcggaagactaactactgcgaaagcattcgccaagaatgttttctttaatcaagagcgaaagtcagaggttcg","OTU_667","High-MH","None","Eukaryota","Chordata","Ascidiacea","Stolidobranchia","Styelidae","Styela",NA
"OTU_715",0,0,0,0,0,0,0,0,0,0,0,0,0,0,0,0,0,0,0,0,0,0,0,0,0,0,0,0,0,0,0,0,0,0,0,0,0,0,0,"agccgcggtaattccagctccaacagtgtatgctaaagttgttgcggttgaaaagctcgtagttggatcttgggcgggcgcggtcggtccgtcgcagggcgtgcactggtcgcgtccgcctcgccttcggttcttcgtcggtgctcttgactgagtgtcggcggtggccgagaagtttactttgaaaaaattagagtgttcaaagcaggctgttcgcctgtatagtgttgcatggaataatggaataggacctcggttctattttgttggttttcggagcgcgaggtaatgattaagagggacagacgggggcgtccgtactctgccgttagaggtgaaattcttggatcggcggaagacgaactactgcgaaagcattcgccaagaatgttttctttaatcaagagcgaaagtcagaggttcg","OTU_715","High-MH","None","Eukaryota","Chordata","Ascidiacea","Stolidobranchia","Styelidae","Symplegma",NA
"OTU_768",0,0,0,0,0,0,0,0,0,0,0,0,0,0,0,0.00174919156749068,0.00181888468171996,0.00171207619529258,0,0,0,0,0,0,0,0,0,0,0,0,0,0,0,0,0,0,0,0,0,"agccgcggtaattccagctccaacagtgtatgctaaagttgttgcggttgaaaagctcgtagttggattttgggtgagcgcagccggtccgtcgcagggcgtgttactggttgcgttcgcctcaccttcggttctccgtcggtgctcttgactgagtgtcggcggtggccgataagtttactttgaaaaaattagagtgttcaaagcaggctgctcgcctgcatagtgttgcatggaataatggaataggacctcggttctattttgttggttttcggagcacgaggtaatgattaagagggacagacgggggcgtccgtactctgccgttagaggtgaaattcttggatcggcggaagacgaactactgcgaaagcattcgccaagaatgttttctttaatcaagagcgaaagtcagaggttcg","OTU_768","High-MH","None","Eukaryota","Chordata","Ascidiacea","Stolidobranchia","Styelidae","Styela",NA
"OTU_783",0,0,0,0,0,0,0,0,0,0,0,0,0,0,0,0.00169543390702406,0.00172967507880182,0.00172261204880207,0,0,0,0,0,0,0,0,0,0,0,0,0,0,0,0,0,0,0,0,0,"agccgcggtaattccagctccaacagtgtatgctaaagttgttgcggttgaaaagctcgtagttggattttgggcgagcgcagccggtccgtcgcagggcgtgttactggttgcgttcgcctcacctttggttctccgtcggtgctcttgactgagtgtcggcggtggccgataagtttactttgaaaaaattagagtgttcaaagcaggctgctcgcctgcatagtgttgcatggaataatggaataggacctcggttctattttgttggttttcggagcacgaggtaatgattaagagggacagacgggggcgtccgtactctgccgttagaggtgaaattcttggatcggcggaagacgaactactgcgaaagcattcgccaagaatgttttctttaatcaagagcgaaagtcagaggttcg","OTU_783","High-MH","None","Eukaryota","Chordata","Ascidiacea","Stolidobranchia","Styelidae","Styela",NA
"OTU_786",0,0,0,0,0,0,0,0,0,0,0,0,0,0,0,0.00167889308841895,0.0017792359693119,0.00166993278125461,0,0,0,0,0,0,0,0,0,0,0,0,0,0,0,0,0,0,0,0,0,"agccgcggtaattccagctccaacagtgtatgctaaagttgttgcggttgaaaagctcgtagttggattttgggcgagcgcagccggtccgtcgcagggcgtgttactggttgcgttcgcctcaccttcggttctctgtcggtgctcttgactgagtgtcggcggtggccgataagtttactttgaaaaaattagagtgttcaaagcaggctgctcgcctgcatagtgttgcatggaataatggaataggacctcggttctattttgttggttttcggagcacgaggtaatgattaagagggacagacgggggcgtccgtactctgccgttagaggtgaaattcttggatcggcggaagacgaactactgcgaaagcattcgccaagaatgttttctttaatcaagagcgaaagtcagaggttcg","OTU_786","High-MH","None","Eukaryota","Chordata","Ascidiacea","Stolidobranchia","Styelidae","Styela",NA
"OTU_841",0,0,0,0,0,0,0,0,0,0,0,0,0,0,0,0.00154656653957804,0.00163055329778165,0.00146975156457425,0,0,0,0,0,0,0,0,0,0,0,0,0,0,0,0,0,0,0,0,0,"agccgcggtaattccagctccaacagtgtatgctaaagttgttgcggttgaaaagctcgtagttggattttgggcgagcgcagccggtccgttgcagggcgtgttactggttgcgttcgcctcaccttcggttctccgtcggtgctcttgactgagtgtcggcggtggccgataagtttactttgaaaaaattagagtgttcaaagcaggctgctcgcctgcatagtgttgcatggaataatggaataggacctcggttctattttgttggttttcggagcacgaggtaatgattaagagggacagacgggggcgtccgtactctgccgttagaggtgaaattcttggatcggcggaagacgaactactgcgaaagcattcgccaagaatgttttctttaatcaagagcgaaagtcagaggttcg","OTU_841","High-MH","None","Eukaryota","Chordata","Ascidiacea","Stolidobranchia","Styelidae","Styela",NA
"OTU_858",0,0,0,0,0,0,0,0,0,0,0,0,0,0,0,0.00147626806050631,0.0015958606744246,0.00148028741808374,0,0,0,0,0,0,0,0,0,0,0,0,0,0,0,0,0,0,0,0,0,"agccgcggtaattccagctccaacagtgtatgctaaagttgttgcggttgaaaagctcgtagttggattttgggcgagcgcagccggtccgtcgcagggcgtgttactggttgcgttcgcctcaccttcggttctccgtcggtgctcttgactgagtgtcggcggtggctgataagtttactttgaaaaaattagagtgttcaaagcaggctgctcgcctgcatagtgttgcatggaataatggaataggacctcggttctattttgttggttttcggagcacgaggtaatgattaagagggacagacgggggcgtccgtactctgccgttagaggtgaaattcttggatcggcggaagacgaactactgcgaaagcattcgccaagaatgttttctttaatcaagagcgaaagtcagaggttcg","OTU_858","High-MH","None","Eukaryota","Chordata","Ascidiacea","Stolidobranchia","Styelidae","Styela",NA
"OTU_875",0,0,0,0,0,0,0,0,0,0,0,0,0,0,0,0,0,0,0,0,0,0,0,0,0.0019027303192505,0.00204565583840462,0.00185271862079725,0,0,0,0,0,0,0,0,0,0,0,0,"agccgcggtaattccagctccaaaagtgtatgctaaagttgttgcggttgaaaagctcgtagttggatattgggcgagcgcggtcggtccgtcgcagggcgtgtactggtcgcgttcgtctcgagcttcggttctccgtcggtgctcttgactgagtgtcggcggtggccgagaagtttactttgaaaaaattagagtgttcaaagcaggctggtcgcctgaatagtgttgcatggaataatggaataggacctcggttctattttgttggttttcggaacggaggtaatgattaagagggacagacgggggtgtccgtactctgccgttagaggtgaaattcttggatcggcggaagacgaactactgcgaaagcattcaccaagaatgttttctttaatcaagagcgaaagtcagaggttcg","OTU_875","High-MH","None","Eukaryota","Chordata","Ascidiacea","Stolidobranchia","Styelidae",NA,NA
"OTU_877",0,0,0,0,0,0,0,0,0,0,0,0,0,0,0,0.00143078080934225,0.00156116805106754,0.0013960005900078,0,0,0,0,0,0,0,0,0,0,0,0,0,0,0,0,0,0,0,0,0,"agccgcggtaattccagctccaacagtgtatgctaaagttgttgcggttgaaaagctcgtagttggattttgggcgagcgcagccggtccgtcgcagggcgtgttactggttgcgtttgcctcaccttcggttctccgtcggtgctcttgactgagtgtcggcggtggccgataagtttactttgaaaaaattagagtgttcaaagcaggctgctcgcctgcatagtgttgcatggaataatggaataggacctcggttctattttgttggttttcggagcacgaggtaatgattaagagggacagacgggggcgtccgtactctgccgttagaggtgaaattcttggatcggcggaagacgaactactgcgaaagcattcgccaagaatgttttctttaatcaagagcgaaagtcagaggttcg","OTU_877","High-MH","None","Eukaryota","Chordata","Ascidiacea","Stolidobranchia","Styelidae","Styela",NA
"OTU_903",0,0,0,0,0,0,0,0,0,0,0,0,0,0,0,0,0,0,0,0,0,0,0,0,0,0,0,0,0,0,0,0,0,0,0,0,0,0,0,"agccgcggtaattccagctccaacagtgtatgctaaagttgttgcggttgaaaagctcgtagttggatcttgggtgggcgccgccggtccgtcgcaaggcgtgtcactggcggcgctctcctcgtcgttcggttctctgtcggtgctcttgactgagtgtcggcggtggccgataagtttactttgaaaaaattagagtgttcaaagcaggctcttcgcctgtatagtgttgcatggaataatggaataggacctcggttctattttgttggttttcggagcgcgaggtaatgattaagagggacagacgggggcgtccgtactctgccgttagaggtgaaattcttggatcggcggaagacgaactactgcgaaagcattcgccaagaatgttttctttaatcaagagcgaaagtcagaggttcg","OTU_903","High-MH","None","Eukaryota","Chordata","Ascidiacea","Stolidobranchia","Pyuridae","Microcosmus",NA
"OTU_996",0,0,0,0,0,0,0,0,0,0,0,0,0,0,0,0.0011950741442194,0.00123406617370101,0.00114314010577997,0,0,0,0,0,0,0,0,0,0,0,0,0,0,0,0,0,0,0,0,0,"agccgcggtaattccagctccaacagtgtatgctaaagttgttgcagttgaaaagctcgtagttggattttgggcgagcgcagccggtccgtcgcagggcgtgttactggttgcgttcgcctcaccttcggttctccgtcggtgctcttgactgagtgtcggcggtggccgataagtttactttgaaaaaattagagtgttcaaagcaggctgctcgcctgcatagtgttgcatggaataatggaataggacctcggttctattttgttggttttcggagcacgaggtaatgattaagagggacagacgggggcgtccgtactctgccgttagaggtgaaattcttggatcggcggaagacgaactactgcgaaagcattcgccaagaatgttttctttaatcaagagcgaaagtcagaggttcg","OTU_996","High-MH","None","Eukaryota","Chordata","Ascidiacea","Stolidobranchia","Styelidae","Styela",NA
"OTU_1008",0,0,0,0,0,0,0,0,0,0,0,0,0,0,0,0.00167475788376767,0.00168011418829174,0,0,0,0,0,0,0,0,0,0,0,0,0,0,0,0,0,0,0,0,0,0,"agccgcggtaattccagctccaacagtgtatgctaaagttgttgcggttgaaaagctcgtagttggattttgggcgagcgcagccggtccgtcgcagggcgtgttactggttgcgttcgcctcaccttcggttctccgtcggtgctcttgactgagtgtcggcggtggccgataagtttactttgaaaaaattagagtgttcaaagcaggctgctcgcctgcatagtgttgcatggaataatggaataggacctcggttctattttgttggttttcggagcacgaggtaatgattaagagggacagacgggggcgtccgtactctgccgttagaggtgaaattcttggatcggtggaagacgaactactgcgaaagcattcgccaagaatgttttctttaatcaagagcgaaagtcagaggttcg","OTU_1008","High-MH","None","Eukaryota","Chordata","Ascidiacea","Stolidobranchia","Styelidae","Styela",NA
"OTU_1064",0,0,0,0,0,0,0,0,0,0,0,0,0,0,0,0,0,0,0,0.000132743362831858,8.54137686995144e-05,0.00105139371954197,0.00104094378903539,0.00125508333456865,0,0,0,0,0,0,0,0,0,0,0,0,0,0,0,"agccgcggtaattccagctccaacagtgtatgctaaagttgttgcggttgaaaagctcgtagttggatcttgggtgggtgccgccggtccgtcgcaaggcgtgtcactggcggcgctcgcctcgccttcggttccccgtcggtgctcttgactgagtgtcggcggtggccgataagtttactttgaaaaaattagagtgttcaaagcaggctgctcgcctgcatagtgttgcatggaataatggaataggacctcggttctattttgttggttttcggagcgcgaggtaatgattaagagggacagacgggggcgtccgtactctgccgttagaggtgaaattcttggatcggcggaagacgaactactgcgaaagcattcgccaagaatgttttctttaatcaagagcgaaagtcagaggttcg","OTU_1064","High-MH","None","Eukaryota","Chordata","Ascidiacea","Stolidobranchia","Pyuridae",NA,NA
"OTU_1112",0,0,0,0,0,0,0,0,0,0,0,0,0,0,0,0,0,0,0,0,0,0,0,0.000118590551297825,0,0,0,0,0,0,0,0,0,0,0,0,0,0,0,"agccgcggtaattccagctccaacagtgtatgctaaagttgttgcggttgaaaagctcgtagttggatgttgggcgggcgcggccggtccgtcgcagggcgtgcactggtcgcgttcgcctcgccgttcggttctccgtcggtgctcttgattgagtgtcggcggtggccgagaagtttactttgaaaaaattagagtgttcaaagcaggccgctcgcctgaatagtgttgcatggaataatggaataggacctcggttctattttgttggttttcggaacgtgaggtaatgattaagagggacagacgggggcgtccgtactctgccgttagaggtgaaattcttggatcggcggaagacgaactactgcgaaagcattcgccaagaatgttttctttaatcaagagcgaaagtcagaggttcg","OTU_1112","Low","2490919","Eukaryota","Chordata","Ascidiacea","Stolidobranchia","Styelidae","Syncarpa","Syncarpa composita"
"OTU_1148",0,0,0,0,0,0,0,0,0,0,0,0,0,0,0,0.00124056139538346,0,0.00159091387993341,0,0,0,0,0,0,0,0,0,0,0,0,0,0,0,0,0,0,0,0,0,"agccgcggtaattccagctccaacagtgtatgctaaagttgttgcggttgaaaagctcgtagttggattttgggcgagcgcagccggtccgtcgcagggcgtgttactggttgcgttcgcctcaccttcggttctccgtcggtgctcttgactgagtgtcggcggtggccgataagtttactttgaaaaaattagagtgttcaaagcaggctgctcgcctgcatagtgttgcatggaataatggaataggacctcggttctattttgttggttttcggagcacgaggtaatgattaagagggacagacgggggcgtctgtactctgccgttagaggtgaaattcttggatcggcggaagacgaactactgcgaaagcattcgccaagaatgttttctttaatcaagagcgaaagtcagaggttcg","OTU_1148","High-MH","None","Eukaryota","Chordata","Ascidiacea","Stolidobranchia","Styelidae","Styela",NA
"OTU_1150",0,0,0,0,0,0,0,0,0,0,0,0,0,0,0,0.00102139554886571,0.000902008207283468,0.000900815475061635,0,0,0,0,0,0,0,0,0,0,0,0,0,0,0,0,0,0,0,0,0,"agccgcggtaattccagctccaacagtgtatgctaaagttgttgcggttgaaaagctcgtagttggattttgggcgagcgcagccggtccgtcgcagggcgtgttactggttgcgttcgcctcaccttcggttctccgtcggtgctcttgactgagtgtcggcggtggccgataagtttactttgaaaaaattagagtgttcaaagcaggctgctcgcctgcatagtgttgcatggaaaaatggaataggacctcggttctattttgttggttttcggagcacgaggtaatgattaagagggacagacgggggcgtccgtactctgccgttagaggtgaaattcttggatcggcggaagacgaactactgcgaaagcattcgccaagaatgttttctttaatcaagagcgaaagtcagaggttcg","OTU_1150","High-MH","None","Eukaryota","Chordata","Ascidiacea","Stolidobranchia","Styelidae","Styela",NA
"OTU_1166",0,0,0,0,0,0,4.64033810217311e-05,0,6.83153436261784e-05,0,0,0,0,0,0,0,0,0,0,0,0,0,0,0,0,0,0,0,0,0,0,0,0,0,0,0,0.000550087561406135,0.000419481539670071,0.000486367407661717,"agccgcggtaattccagctccaatagtgtatgctaaagttgttgcggttgaaaagctcgtagttggatctagggcgctggtcggtggtccgccgcaaggtgtgtactgtcggccggtctcttttttctggttttccgtcggtgctcttaactgagtgtcggcggtggccagtgcgtttactttgaaaaaattagagtgtttaaagcaggctgtttgcctgaatatcggtgcatggaataatggaataggacctcgagtctattttgttggttttcggaagcgaggtaatgattaagagggacagacgggggcatccgtactctgccgttagaggtgaaattcttggatcggcggaagacgaactattgcgaaagcatttgccaagaatgttttctttaatcaagagcgaaagtcagaggttcg","OTU_1166","High-MH","None","Eukaryota","Chordata","Ascidiacea","Stolidobranchia","Molgulidae","Molgula",NA
"OTU_1205",0,0,0,0,0,0,0,0,0,0,0,0,0,0,0,0.000769148065137744,0.000882183851079436,0.000953494742609099,0,0,0,0,0,0,0,0,0,0,0,0,0,0,0,0,0,0,0,0,0,"agccgcggtaattccagctccaacagtgtatgctaaagttgttgcggttgaaaagctcgtagttggattttgggcgagcgcagccggtccgtcgcagggcgtgttactggttgcgttcgcctcaccttcggttctccgtcggtgctcttgactgagtgttggcggtggccgataagtttactttgaaaaaattagagtgttcaaagcaggctgctcgcctgcatagtgttgcatggaataatggaataggacctcggttctattttgttggttttcggagcacgaggtaatgattaagagggacagacgggggcgtccgtactctgccgttagaggtgaaattcttggatcggcggaagacgaactactgcgaaagcattcgccaagaatgttttctttaatcaagagcgaaagtcagaggttcg","OTU_1205","High-MH","None","Eukaryota","Chordata","Ascidiacea","Stolidobranchia","Styelidae","Styela",NA
"OTU_1242",0,0,0,0,0,0,0,0,0,0,0,0,0,0,0,0,0,0,0,0,0,0,0,0,0.000836147925760598,0.000965686694665867,0.000955612762305952,0,0,0,0,0,0,0,0,0,0,0,0,"agccgcggtaattccagctccaacagtgtatgctaaagttgttgcggttgaaaagctcgtagttggatgttgggcgggcgcggccggtccgtcgcagggcgtgcactggtcgcgttcgcctcgccgttcggttctccgtcggtgctcttgattgagtgtcggcggtggccgagaagtttactttgaaaaaattagagtgttcaaagcaggccgttcgcctgaatagtgttgcatggaataatggaataggacctcggttctattttgttggttttcggaacgtgaggtaatgattaagagggacagacgggggcgtccgtactctgccgttagaggtgaaattcttggatcggcggaagacgaactactgcgaaagcattcgccaagaatgttttctttaatcaagagcgaaagtcagaggttcg","OTU_1242","Low","111872","Eukaryota","Chordata","Ascidiacea","Stolidobranchia","Styelidae","Symplegma","Symplegma reptans"
"OTU_1249",0,0,0,0,0,0,0,0,0,0,0,0,0,0,0,0.000843581748860751,0.000634379398529033,0.000969298522873338,0,0,0,0,0,0,0,0,0,0,0,0,0,0,0,0,0,0,0,0,0,"agccgcggtaattccagctccaacagtgtatgctaaagttgttgcggttgaaaagctcgtagttggattttgggcgagcgcagccggtccgtcgcagggcgtgttactggttgcgttcgcctcaccttcggttctccgtcggtgctcttgactgagtgtcggcggtggccgataagtttactttgaaaaaattagagtgttcaaagcaggctgctcgcctgcatagtgttgcatggaataatggaataggacctcggttctattttgttggttttcggagcacgaggtaatgattaagagggacagacgggggcgtccgtactctgccgttagaggtgaaattcttggatcggcggaagacaaactactgcgaaagcattcgccaagaatgttttctttaatcaagagcgaaagtcagaggttcg","OTU_1249","High-MH","None","Eukaryota","Chordata","Ascidiacea","Stolidobranchia","Styelidae","Styela",NA
"OTU_1277",0,0,0,0,0,0,0,0,0,0,0,0,0,0,0,0,0,0,0,0,0,0,0,0,0,0,0,0,0,0,0,0,0,0,0,0,0,0,0,"agccgcggtaattccagctccaacagtgtatgctaaagttgttgcggttgaaaagctcgtagttggattttgggcgggtgcagccggtccgtcgcagggcgtgttactggttgcgctcgcctcgccttcggttctccgtcggtgctcttgactgagtgtcggcggtggccgagaagtttactttgaaaaaattagagtgttcaaagcaggctgctcgcctgtatagtgttgcatggaataatggaataggacctcggttctattttgttggttttcggagcgcgaggtaatgattaagagggacagacgggggcgtccgtactctgccgttagaggtgaaattcttggatcggcggaagacgaactactgcgaaagcattcgccaagaatgttttctttaatcaagagcgaaagtcagaggttcg","OTU_1277","High-MH","None","Eukaryota","Chordata","Ascidiacea","Stolidobranchia","Styelidae",NA,NA
"OTU_1302",0,0,0,0,0,0,0,0,0,0,0,0,0,0,0,0,0,0,0,0,0,0,0,0,0.00100074397413867,0.00108568326619239,0.000851600488857685,0,0,0,0,0,0,0,0,0,0,0,0,"agccgcggtaattccagctccaacagtgtatgctaaagttgttgcggttgaaaagctcgtagttggattttgggcgggcgcagccggtccgtcgcaaggcgtgtcactggttgcgctcgcctcaccttcggttctccgtcggtgctcttgactgagtgtcggcggtggccgataagtttactttgaaaaaattagagtgttcaaagcaggctgcccgcctgcatagtgttgcatggaataatggaataggacctcggttctattttgttggttttcggagcacgaggtaatgattaagagggacagacgggggcgtccgtactctgccgctagaggtgaaattcttggatcggcggaagacgaactactgcgaaagcattcgccaagaatgttttctttaatcaagagcgaaagtcagaggttcg","OTU_1302","High","1440457","Eukaryota","Chordata","Ascidiacea","Stolidobranchia","Styelidae","Styela","Styela canopus"
"OTU_1338",0,0,0,0,0,0,0,0,0,0,0,0,0,0,0,0.00112064046049639,0,0.00092188718208062,0,0,0,0,0,0,0,0,0,0,0,0,0,0,0,0,0,0,0,0,0,"agccgcggtaattccagctccaacagtgtatgctaaagttgttgcggttgaaaagctcgtagttggattttgggcgagcgcagccggtccgtcgcagggcgtgttactggttgcgttcgcctcaccttcggttctccgttggtgctcttgactgagtgtcggcggtggccgataagtttactttgaaaaaattagagtgttcaaagcaggctgctcgcctgcatagtgttgcatggaataatggaataggacctcggttctattttgttggttttcggagcacgaggtaatgattaagagggacagacgggggcgtccgtactctgccgttagaggtgaaattcttggatcggcggaagacgaactactgcgaaagcattcgccaagaatgttttctttaatcaagagcgaaagtcagaggttcg","OTU_1338","High-MH","None","Eukaryota","Chordata","Ascidiacea","Stolidobranchia","Styelidae","Styela",NA
"OTU_1371",0.000162902129524045,0.000115802931203795,0.000128795566310202,0,0,0,0,0,0,0.000105315122593385,0.000147791138279136,7.5328715683062e-05,0,0,0,7.44336837230074e-05,0,8.95547548306888e-05,0,0,6.10098347853674e-05,0,0,0,0.000125092996767334,0.000131424816433816,0,0,0,8.34401953378889e-05,0.000173355747005673,0.000258924170073345,0.000100836438255328,0,0,0,0,0,0,"agccgcggtaattccagctccaaaagtgtatatttaagttgttgcggttaaaaagctcgtagttggatcttgggcgcaggcggccggtccgtcgcaaggcgtgcactggctgcacctggccctcgcccccggcgctccgccggtgcccttgactgagtgtcggcggcggccgggacgtttactttgaaaaaattagagtgttcaaagcaggcggctcgcctgaataatggtgcatggaataatggaataggacctcggttctattttgttggttttcggagcgcgaggtaatgattaagagggacggacgggggcattcgtactgtgccgctagaggtgaaattcttggatcggcgcaagacgagcgactgcgaaagcatttgccaagaatgttttctttaatcaagagcgaaagtcagaggttcg","OTU_1371","High-MH","None","Eukaryota","Chordata","Ascidiacea","Enterogona","Ascidiidae",NA,NA
"OTU_1377",0,0,0,4.83418737310258e-05,0,0,0,0,0,0,0,0,0.000309541240228569,0.000378922049144542,0.00031939895790131,0,0,0,0,0,0,0,0,0,0.000342359780626387,0.000354275592125939,0.000526562134331851,0,0,0,0,0,0,0,0,0,0,0,0,"agccgcggtaattccagctccaacagtgtatgctaaagttgttgcggttgaaaagctcgtagttggattttgggcgggcgcagccggtccgtcgcaaggcgtgtcactggttgcgttcgcctcaccttcggttctccgccggtgctcttgactgagtgtcggcggtggccgataagtttactttgaaaaaattagagtgttcaaagcaggctgcccgcctgcatagtgttgcatggaataatggaataggacctcggttctattttgttggttttcggagcacgaggtaatgattaagagggacagacgggggcgtccgtactctgccgttagaggtgaaattcttggatcggcggaagacgaactactgcgaaagcattcgccaagaatgttttctttaatcaagagcgaaagtcagaggttcg","OTU_1377","High-MH","None","Eukaryota","Chordata","Ascidiacea","Stolidobranchia","Styelidae","Styela",NA
"OTU_1397",0,0,0,0,0,0,0,0,0,0,0,0,0,0,0,0.000884933795373533,0.000996173899252622,0,0,0,0,0,0,0,0,0,0,0,0,0,0,0,0,0,0,0,0,0,0,"agccgcggtaattccagctccaacagtgtatgctaaagttgttgcggttgaaaagctcgtagttggattttgggcgagcgcagccggtccgtcgcagggcgtgttactggttgcgttcgcctcaccttcggttctccgtcggtgctcttgactgagtgtcggtggtggccgataagtttactttgaaaaaattagagtgttcaaagcaggctgctcgcctgcatagtgttgcatggaataatggaataggacctcggttctattttgttggttttcggagcacgaggtaatgattaagagggacagacgggggcgtccgtactctgccgttagaggtgaaattcttggatcggcggaagacgaactactgcgaaagcattcgccaagaatgttttctttaatcaagagcgaaagtcagaggttcg","OTU_1397","High-MH","None","Eukaryota","Chordata","Ascidiacea","Stolidobranchia","Styelidae","Styela",NA
"OTU_1413",0,0,0,0,0,0,0,0,0,0,0,0,0,0,0,0.000661632744204511,0.000634379398529033,0.000626883283814822,0,0,0,0,0,0,0,0,0,0,0,0,0,0,0,0,0,0,0,0,0,"agccgcggtaattccagctccaacagtgtatgctaaagttgttgcggttgaaaagctcgtagttggattttgggcgagcgcagccggtccgtcgcagggcgtgttactggttgcgttcgcctcaccttcggttctccgtcggtgctcttgactgagtgtcggcggtggccgataagtttactttgaaaaaattagagtgttcaaagcaggctgctcgcctgcatagtgttgcatggaataatggaataggacctcggttctattttgttggttttcggagcacgaggtaatgattaagagggacagacgggggcgtccgtactctgccgttagaggtgaaattcttggatcggctgaagacgaactactgcgaaagcattcgccaagaatgttttctttaatcaagagcgaaagtcagaggttcg","OTU_1413","High-MH","None","Eukaryota","Chordata","Ascidiacea","Stolidobranchia","Styelidae","Styela",NA
"OTU_1467",0,0,0,0,0,0,0,0,0,0,0,0,0,0,0,0,0,0,0,0,0,0,0,0,0,0,0,0,0,0,0,0,0,0,0,0,0,0,0,"agccgcggtaattccagctccaacagtgtatgctaaagttgttgcggttgaaaagctcgtagttggattttgggtgggcgcagtcggtccgtcgcagggcgtgctactggctgcgctcgcctcgccttcggttctccgtcggtgctcttgactgagtgtcggcggtggccgagaagtttactttgaaaaaattagagtgttcaaagcaggctgctcgcctgaatagtgttgcatggaataatggaataggacctcggttctattttgttggttttcggagcgcgaggtaatgattaagagggacagacgggggcgtccgtactctgccgttagaggtgaaattcttggatcggcggaagacgaactactgcgaaagcattcgccaagaatgttttctttaatcaagagcgaaagtcagaggttcg","OTU_1467","High-MH","None","Eukaryota","Chordata","Ascidiacea","Stolidobranchia","Styelidae",NA,NA
"OTU_1470",0,0,0,0,0,0,0,0,0,0,0,0,0,0,0,0.000607875083737894,0.000569950240865928,0.000605811576795836,0,0,0,0,0,0,0,0,0,0,0,0,0,0,0,0,0,0,0,0,0,"agccgcggtaattccagctccaacagtgtatgctaaagttgttgcggttgaaaagctcgtagttggattttgggcgagcgcagccggtccgtcgcagggcgtgttactggttgcgttcgcctcaccttcggttctccgtcggtgctcttgactgagtgtcggcggtggccgataagtttactttgaaaaaattagagtgttcaaagcaggctgctcgcctgcatagtgttgcatggattaatggaataggacctcggttctattttgttggtttttggagcacgaggtaatgattaagagggacagacgggggcgtccgtactctgccgttagaggtgaaattcttggatcggcggaagacgaactactgcgaaagcattcgccaagaatgttttctttaatcaagagcgaaagtcagaggttcg","OTU_1470","High-MH","None","Eukaryota","Chordata","Ascidiacea","Stolidobranchia","Styelidae","Styela",NA
"OTU_1485",0,0,0,0,0,0,0,0,0,0,0,0,0,0,0,0.000798094497696691,0.00087227167297742,0,0,0,0,0,0,0,0,0,0,0,0,0,0,0,0,0,0,0,0,0,0,"agccgtggtaattccagctccaacagtgtatgctaaagttgttgcggttgaaaagctcgtagttggattttgggcgagcgcagccggtccgtcgcagggcgtgttactggttgcgttcgcctcaccttcggttctccgtcggtgctcttgactgagtgtcggcggtggccgataagtttactttgaaaaaattagagtgttcaaagcaggctgctcgcctgcatagtgttgcatggaataatggaataggacctcggttctattttgttggttttcggagcacgaggtaatgattaagagggacagacgggggcgtccgtactctgccgttagaggtgaaattcttggatcggcggaagacgaactactgcgaaagcattcgccaagaatgttttctttaatcaagagcgaaagtcagaggttcg","OTU_1485","High-MH","None","Eukaryota","Chordata","Ascidiacea","Stolidobranchia","Styelidae","Styela",NA
"OTU_1496",0.000280865740558698,0.000342776676363232,0.000308328779954726,0,0,0,0,0,0,2.30376830673029e-05,1.64212375865707e-05,4.51972294098372e-05,0,0,0,0,0,3.16075605284784e-05,0,0,0,0.000204299253560288,7.91360775290064e-05,0.000143296916151539,0,0,0,0,0,0,0,0,0,0,0,0,5.91866363538247e-05,3.77062058130401e-05,2.14573856321346e-05,"agccgcggtaattccagctccaatagtgtatgctaaagttgttgcggttgaaaagctcgtagttggatctagtgtgccggtcgccggtccgccgcaaggcgtgcactggcgttcggcctctctttgccggttctcggtcggtgctcttgactgagtgtcggccgtggccggcggttttactttgaaaaaattagagtgttcaaagcaggcctgtcgcctgtatattcgtgcatggaataatggaataggacctcgtgtctgttttgttggttataggacgcgaggtaatgattaagagggacagacgggggcatccgtactctgccgttagaggtgaaattcttggatcggcggaagacgaactattgcgaaagcatttgccaagaatgttttctttaatcaagagcgaaagtcagaggttcg","OTU_1496","High-MH","None","Eukaryota","Chordata","Ascidiacea","Stolidobranchia","Molgulidae","Molgula",NA
"OTU_1512",0,0,0,0,0,0,0,0,0,0,0,0,0,0,0,0,0,0,0,0,0,0,0,0,0,0,0,0,0,0,0,0,0,0,0,0,0,0,0,"agccgcggtaattccagctccaacagtgtatgctaaagttgttgcggttgaaaagctcgtagttggattttgggcgagcgcggccggtccgtcgcagggcgtgtcactggtcgcgttcgcctcgacttcggttctctgtcggtgctcttgactgagtgtcggcggtggccgataagtttactttgaaaaaattagagtgttcaaagcaggctgctcgcctgaatagtgttgcatggaataatggaataggacctcggttctattttgttggtttttggagcgtgaggtaatgattaagagggacagacgggggcgtccgtactctgccgttagaggtgaaattcttagatcggcggaagacgaactactgcgaaagcattcgccaagaatgttttctttaatcaagagcgaaagtcagaggttcg","OTU_1512","Low","581108","Eukaryota","Chordata","Ascidiacea","Stolidobranchia","Styelidae","Styela","Styela sp. RPP-2008"
"OTU_1559",0,0,0,0,0,0,0,0,0,0,0,0,0,0,0,0,0,0,0,0,0,0,0,0,0.000599129616096177,0.000691408816890946,0.000754088982499935,0,0,0,0,0,0,0,0,0,0,0,0,"agccgcggtaattccagctccaacagtgtatgctaaagttgttgcggttgaaaagctcgtagttggattttgggcgggcgcagccggtccgtcgcaaggcgtgtcactggttgcgttcgcctcaccttcggttctccgtcggtgctcttgactgagtgtcggcggtggccgataagtttactttgaaaaaattagagtgttcaaagcaggctgcccgcctgcatagtgttgcatggaataatggaataggacctcggttctattttgttggttttcggagcacgaggtaatgattaagagggacagacgggggcgtccgtactctgccgctagaggtgaaattcttggatcggcggaagacgaactactgcgaaagcattcgccaagaatgttttctttaatcaagagcgaaagtcagaggttcg","OTU_1559","High-MH","None","Eukaryota","Chordata","Ascidiacea","Stolidobranchia","Styelidae","Styela",NA
"OTU_1572",0,0,0,0,0,0,0,0,0,0,0,0,0,0,0,0.000516900581409774,0.00054021370655988,0.000463577554417683,0,0,0,0,0,0,0,0,0,0,0,0,0,0,0,0,0,0,0,0,0,"agccgcggtaattccagctccaacagtgtatgctaaagttgttgcggttgaaaagctcgtagttggattttgggcgagcgcagccggtccgtcgcagggagtgttactggttgcgttcgcctcaccttcggttctccgtcggtgctcttgactgagtgtcggcggtggccgataagtttactttgaaaaaattagagtgttcaaagcaggctgctcgcctgcatagtgttgcatggaataatggaataggacctcggttctattttgttggttttcggagcacgaggtaatgattaagagggacagacgggggcgtccgtactctgccgttagaggtgaaattcttggatcggcggaagacgaactactgcgaaagcattcgccaagaatgttttctttaatcaagagcgaaagtcagaggttcg","OTU_1572","High-MH","None","Eukaryota","Chordata","Ascidiacea","Stolidobranchia","Styelidae","Styela",NA
"OTU_1601",0,0,0,0,0,0,0,0,0,0,0,0,0,0,0,0.000512765376758496,0.000515433261304839,0.000437237920643951,0,0,0,0,0,0,0,0,0,0,0,0,0,0,0,0,0,0,0,0,0,"agccgcggtaattccagctccaacagtgtatgctaaagttgttgcggttgaaaagctcgtagttggattttgggcgagcgcagccggtccgtcgcagggcgtgttactggttgcgttcgcctcaccttcggttctccgtcggtgctcttgactgagtgtcggcggtggccgataagtttactttgaaaaaattagagtgttcaaagcaggctgctcgcctgcatagtgttgcatggaataatggaataggacctcggttcaattttgttggttttcggagcacgaggtaatgattaagagggacagacgggggcgtccgtactctgccgttagaggtgaaattcttggatcggcggaagacgaactactgcgaaagcattcgccaagaatgttttctttaatcaagagcgaaagtcagaggttcg","OTU_1601","High-MH","None","Eukaryota","Chordata","Ascidiacea","Stolidobranchia","Styelidae","Styela",NA
"OTU_1961",0,0,0,0,0,0,0,0,0,0,0,0,0,0,0,0,0,0,0,0,0,0,0,0,0,0,0,0,0,0,0,0,0,0,0,0,0,0,0,"agccgcggtaattccagctccaacagtgtatgctaaagttgttgcggttgaaaagctcgtagttggattttgggcgggtgcagccggtccgtcgcagggcgtgttactggttgcgctcgcctcaccttcggttctccgtcggtgctcttgactgagtgtcggcggtggccgagaagtttactttgaaaaaattagagtgttcaaagcaggctgctcgcctgtatagtgttgcatggaataatggaataggacctcggttctattttgttggttttcggagcgcgaggtaatgattaagagggacagacgggggcgtccgtactctgccgttagaggtgaaattcttggatcggcggaagacgaactactgcgaaagcattcgccaagaatgttttctttaatcaagagcgaaagtcagaggttcg","OTU_1961","High-MH","None","Eukaryota","Chordata","Ascidiacea","Stolidobranchia","Styelidae","Polycarpa",NA
"OTU_1981",0,0,0,0,0,0,0,0,0,0,0,0,0,0,0,0,0,0,0,0,0,0,0,0,0,0,0,0,0,0,0,0,0,0,0,0,0,0,0,"agccgcggtaattccagctccaaaagtgtatgcttaagttgttgcggttgaaaagctcgtagttggaattcgagcgcggcgcggcggtccgccgcaaggcgagcactgccgggcccgctttcgggtcgcgagcgggcgctgctcttgaccgagtggcgcgtcggtctccgaccggattactttgaaaaaattagagtgttcaaagcaggccgattcgggcccgaatatcgacgcatggaatagtggaacagggcttcggttctcttccgccggcgaggaacggaggcaatgattaagagggacggacgggggcattcgtactgtgccgttagaggtgaaattcttggatcggcgcaagacgaacgaaggcgaaagcatttgccaaggatgttttctttaatcaagagcgaaagtcagaggttcg","OTU_1981","High","322839","Eukaryota","Chordata","Ascidiacea","Enterogona","Clavelinidae","Distaplia","Distaplia dubia"
"OTU_2007",0,0,0,0,0,0,0,0,0,0,0,0,0,0,0,0.00034322198605609,0.000292409254009476,0.000300271825020545,0,0,0,0,0,0,0,0,0,0,0,0,0,0,0,0,0,0,0,0,0,"agccgcggtaattccagctccaacagtgtatgctaaagttgttgcggtgtaaaagctcgtagttggattttgggcgagcgcagccggtccgtcgcagggcgtgttactggttgcgttcgcctcaccttcggttctccgtcggagctcttgactgagtgtcggcggtggccgataagtttactttgaaaaaattagagtgttcaaagcaggctgctcgcctgcatagtgttgcatggaataatggaataggacctcggttctattttgttggttttcggagcacgaggtaatgattaagagggacagacgggggcgtccgtactctgccgttagaggtgaaattcttggatcggcggaagacgaactactgcgaaagcattcgccaagaatgttttctttaatcaagagcgaaagtcagaggttcg","OTU_2007","High-MH","None","Eukaryota","Chordata","Ascidiacea","Stolidobranchia","Styelidae","Styela",NA
"OTU_2114",0,0,0,0,0,0,0,0,0,0,0,0,0,0,0,0.000268788302333082,0.000327101877366533,0.000247592557473081,0,0,0,0,0,0,0,0,0,0,0,0,0,0,0,0,0,0,0,0,0,"agccgcggtaattccagctccaacagtgtatgctaaagttgttgcggttgaaaagctcgtagttggattttgggcgagcgcagccggtccgtcgcagggcgtgttactggttgcgttcgcctcaccttctgttctccgtcggagctcttgactgagtgtcggcggtggccgataagtttactttgaaaaaattagagtgttcaaagcaggctgctcgcctgcatagtgttgcatggaataatggaataggacctcggttctattttgttggttttcggagcacgaggtaatgattaagagggacagacgggggcgtccgtactctgccgttagaggtgaaattcttggatcggcggaagacgaactactgcgaaagcattcgccaagaatgttttctttaatcaagagcgaaagtcagaggttcg","OTU_2114","High-MH","None","Eukaryota","Chordata","Ascidiacea","Stolidobranchia","Styelidae","Styela",NA
"OTU_2211",0,0,0,0,0,0,0,0,0,0.000217212440348856,0.000213476088625419,0.000165723174502736,0,0,0,0,0,0,0,0,0,0,0,0,0,0,0,0,0,0,0,0,0,0,0,0,0,0,0,"agccgcggtaattccagctccaatagtgtatgctaaagttgttgcggttgaaaagctcgtagttggattttgggcgggcgcggccggtccgtcgcagggcgtgttactggccgcgtctgcctcaccttcggttctctgtcggtgctcttgactgagtgtcggcggtgtccgataagtttactttgaaaaaattagagtgttcaaagcaggctgctcgcctgaatagtgttgcatggaataatggaataggacctcggttctattttgctggttttcggagcacgaggtaatgattaagagggacagacgggggcgtccgtactctgccgctagaggtgaaattcttggatcggcggaaggcgaactactgcaaaagcattcgccaagaatgttttctttaatcaagagcgaaagtcagaggttcg","OTU_2211","High","1273101","Eukaryota","Chordata","Ascidiacea","Stolidobranchia","Styelidae","Asterocarpa","Asterocarpa humilis"
"OTU_2270",0.00032580425904809,0.000194548924422375,0.000206853485286082,0,0,0,0,0,0,0,0,0,0,0,0,0,0,0,0,0,0,0,0,0,0,0,0,0,0,0,0,0,0,0,0,0,0,0,0,"agccgcggtaattccagctccaacagtgtatgctaaagttgttgcggttgaaaagctcgtagttggatgttgggcgggcgcggccggtccgtcgcagggcgtgcactggtcgcgttcgcctcgccgttcggttctccgtcggtgctcttgattgagtgtcggcggtggccgagaagtttactttgaaaaaattagagtgttcaaagcaggccggtcgcctgtatagtgttgcatggaataatggaataggacctcggttctattttgttggttttcggaacgtgaggtaatgattaagagggacagacgggggcgtccgtactctgccgttagaggtgaaattcttggatcggcggaagacgaactactgcgaaagcattcgccaagaatgttttctttaatcaagagcgaaagtcagaggttcg","OTU_2270","Low","111872","Eukaryota","Chordata","Ascidiacea","Stolidobranchia","Styelidae","Symplegma","Symplegma reptans"
"OTU_2285",0,0,0,0,0,0,0,0,0,0,0,0,0,0,0,0.000264653097681804,0.000218067918244355,0.000226520850454095,0,0,0,0,0,0,0,0,0,0,0,0,0,0,0,0,0,0,0,0,0,"agccgcggtaattccagctccaacagtgtatgctaaagttgttgcggttgaaaagctcgtagttggattttggacgagtgcagccggtccgtcgcagggcgtgttactggttgcgttcgcctcaccttcggttctccgtcggtgctcttgactgagtgtcggcggtggccgataagtttactttgaaaaaattagagtgttcaaagcaggctgctcgcctgcatagtgttgcatggaataatggaataggacctcggttctattttgttggttttcggagcacgaggtaatgattaagagggacagacgggggcgtccgtactctgccgttagaggtgaaattcttggatcggcggaagacgaactactgcgaaagcattcgccaagaatgttttctttaatcaagagcgaaagtcagaggttcg","OTU_2285","High-MH","None","Eukaryota","Chordata","Ascidiacea","Stolidobranchia","Styelidae","Styela",NA
"OTU_2352",0,0,0,0,0,0,0,0,0,0.000197465854862597,0.000184738922848921,0.000135591688229512,0,0,0,0,0,0,0,0,0,0,0,0,0,0,0,0,0,0,0,0,0,0,0,0,0,0,0,"agccgcggtaattccagctccaatagtgtatgctaaagttgttgcggttgaaaagctcgtagttggattttgggcgggcgcggccggtccgtcgcagggcgtgttactggccgcgtctgcctcaccttcggttctctgtcggtgctcttgactgagtgtcggcggtgtccgataagtttactttgaaaaaattagagtgttcaaagcaggctgctcgcctgaatagtgttgcatggaataatggaataggacctcggttctattttgctggttttcggagcacgaggtaatgattaagagggaccggccggggcgtccgtactctgccgttagaggtgaaattcttggatcggcggaagacgaactactgcgaaagcattcgccaagaatgttttctttaatcaagagcgaaagtcagaggttcg","OTU_2352","High","1273101","Eukaryota","Chordata","Ascidiacea","Stolidobranchia","Styelidae","Asterocarpa","Asterocarpa humilis"
"OTU_2353",0,0,0,0,0,0,0,0,0,0.000151390488727991,0.000180633613452278,0.000192088224991808,0,0,0,0,0,0,0,0,0,0,0,0,0,0,0,0,0,0,0,0,0,0,0,0,0,0,0,"agccgcggtaattccagctccaaaagtgtatatttaagttgttgcggttaaaaagctcgtagttggatcttgggcgcaggcggccggtccgtcgcaaggcgtgcactggccgcacctggccctcgaccccggcgctccgccggtgcccttgactgagtgtcggcggcggccgggacgtttactttgaaaaaattagagtgttcaaagcaggcggctcgcctgaataatggtgcatggaataatggaataggacctcggttctattttgttggttttcggagcgcgaggtaatgattaagagggacggacgggggcattcgtactgtgccgctagaggtgaaattcttggatcggcgcaagacgagcgactgcgaaagcatttgccaagaatgttttctttaatcaagagcgaaagtcagaggttcg","OTU_2353","High-MH","None","Eukaryota","Chordata","Ascidiacea","Enterogona","Ascidiidae",NA,NA
"OTU_2357",0,0,0,0,0,0,0,0,0,0,0,0,0,0,0,0,0,0,0.00012414374071693,0.000208596713021492,0.000325385785521959,0,0,0,0,0,0,0,0,0,0,0,0,0,0,0,0,0,0,"agccgcggtaattccagctccaaaagtgtatatttaagttgttgcggttaaaaagctcgtagttggattttgggcgcaggcgttcggtccgtcgcaaggcgcgcactgtccgttctggctttacctccggttttccgtcggtgctcttgactgagtgtcggcggcggccgggacgtttaccttgaaaaaattagagtgttcaaagcaggcgcttcgcctggatagtgttgcatggaataatgaaataggacctcggttcttttttgttggttttcggagcgcgaggtaatgattaagagggacggacgggggcattcgtactgtgccgttagaggtgaaattcttggatcggcgcaagacgaacgactgcgaaagcatttgccaagaatgttttctttaatcaagagcgaaagtcagaggttcg","OTU_2357","High","431183","Eukaryota","Chordata","Ascidiacea","Enterogona","Corellidae","Corella","Corella eumyota"
"OTU_2369",0,0,0,0,0,0,0,0,0,0,0,0,0,0,0,0.000223301051169022,0.000203199651091331,0.000231788777208842,0,0,0,0,0,0,0,0,0,0,0,0,0,0,0,0,0,0,0,0,0,"agccgcggtaattccagctccaacagtgtatgctaaagttgttgcggttgaaaagctcgtagttggattttgggcgagcgcagccggtccgtcgcagggcgtgttactggttgcgttcgcctcaccttcggttctccgtcggtgctcttgactgagtgtcggcggtggccgataagtttactttgaaaaaattagagtgttcaaagcaggctgctcgcctgcatagtgttgcatggaataatggaataggacctcggttctattttgttggttttcggagcacaaggtaatgattaagagggacagacgggggcgtccgtactctgccgttagaggtgaaattcttggatcggcggaagacgaactactgcgaaagcattcgccaagaatgttatctttaatcaagagcgaaagtcagaggttcg","OTU_2369","High-MH","None","Eukaryota","Chordata","Ascidiacea","Stolidobranchia","Styelidae","Styela",NA
"OTU_2375",0,0,0,0,0,0,0,0,0,0,0,0,0,0,0,0.000289464325589473,0.000337014055468549,0,0,0,0,0,0,0,0,0,0,0,0,0,0,0,0,0,0,0,0,0,0,"agccgcggtaattccagctccaacagtgtatgctaaagttgttgcggttgaaaagctcgtagttggattttgggcgagcgcagccggtccgtcgcagggcgtgttactggttgcgttcgcctcaccttcggttctccgtcggtgctcttgactgagtgtcggtggtggccgataagtttactttgaaaaaattagagtgttcaaagcaggctgctcgcctgcatagtgttgcatggaataatggaataggacctcggttctattttgttggttttcggagcacgaggtaatgattaagagggacagacgggggcgtccgtactctgccgttagaggtgaaattcttggatcggcggaagacgaactactgcgaatacattcgccaagaatgttttctttaatcaagagcgaaagtcagaggttcg","OTU_2375","High-MH","None","Eukaryota","Chordata","Ascidiacea","Stolidobranchia","Styelidae","Styela",NA
"OTU_2408",0,0,0,0,0,0,0,0,0,0,0,0,0,0,0,0.00018194900465624,0.000218067918244355,0.000242324630718334,0,0,0,0,0,0,0,0,0,0,0,0,0,0,0,0,0,0,0,0,0,"agccgcggtaattccagctccaacagtgtatgctaaagttgttgctgttgaaaagctcgtagttggattttgggcgagcgcagccggtctgtcgcagggcgtgttactggttgcgttcgcctcaccttcggttctccgtcggtgctcttgactgagtgtcggctgtggccgataagtttactttgaaaaaattagagtgttcaaagcaggctgctcgcctgcatagtgttgcatggaataatggaataggacctcggttctattttgttggttttcggagcacgaggtaatgattaagagggacagacgggggtgtccgtactctgccgttagaggtgaaattcttggatcggcggaagatgaactactgcgaaagcattcgccaagaatgttttctttaatcaagagcgaaagtcagaggttcg","OTU_2408","Low","7726","Eukaryota","Chordata","Ascidiacea","Stolidobranchia","Styelidae","Styela","Styela plicata"
"OTU_2412",0,0,0,0,0,0,0,0,0,0,0,0,0,0,0,0,0,0,0,0,0,0,0,0,0,0,0,0,0,0,0,0,0,0,0,0,0,0,0,"agccgcggtaattccagctccaaaagtgtatatttaagttgctgcggttaaaaagctcgtagttggattttgggcgcaggcggccggtccgtcgcaaggcgtgcactggccgacctggccttaccttcggtaccccggcggtgctcttgactgagtgtcggcggaggccggaacgtttactttgaaaaaattagagtgttcaaagcaggcggctcgcctgaataatggtgcatggaataatggaataggacctcggttctattttgttggttttcggagcgcgaggtaatgattaagagggacagacgggggcattcgtactgtgccgttagaggtgaaattcttggatcggcgcaagacgaacgactgcgaaagcatttgccaagaatgttttctttaatcaagagcgaaagtcagaggttcg","OTU_2412","High-MH","None","Eukaryota","Chordata","Ascidiacea","Enterogona","Perophoridae",NA,NA
"OTU_2422",0,0,0,0,0,0,0,0,0,0,0,0,0,0,0,0.000215030641866466,0.000193287472989315,0.000221252923699349,0,0,0,0,0,0,0,0,0,0,0,0,0,0,0,0,0,0,0,0,0,"agccgcggtaattccagctccaacagtgtatgctaaagttgttgcggttgaaaagctcgtagttggattttgggcgagcgcagccggtccgtcgcagggcgtgttactggttgcgttcgcctcaccttcggttctccgtcggtgctcttgactgagtgtcggcggtggccgataagtttactttgaaaaaattagagtgttcaaagcaggctgctcgcctgcatagtgttgcatggaataatggaataggacctcggttctattttgttggttttcggagcacgaggtaatgattaagagggacagacgggggcgtccgtactctgccgttagaggtgaaattcttggatcggcggaagacgaactactgcgaaagcatttgccaagaatgttttctttaatcaagagtgaaagtcagaggttcg","OTU_2422","High-MH","None","Eukaryota","Chordata","Ascidiacea","Stolidobranchia","Styelidae","Styela",NA
"OTU_2444",0,0,0,0,0,0,0,0,0,0,0,0,0,0,0,0,0,0,0,0,0,0.000214265070807132,0.000225233451428711,0.000252004921507879,0,0,0,0,0,0,0,0,0,0,0,0,0,0,0,"agccgcggtaattccagctccaaaagtgtatatttaagttgttgcggttgaaaagctcgtagttggattttgggcgcaggcgcgcggtccgtcgcaaggcgtgcactgcgcgtcctggcctcacccccggttctccgccggtgcccttgactgagtgtcggcggcggccgggacgtttactttgaaaaaattagagtgttcaaagcaggcggctcgcctgaataatggtgcatggaataatggaataggacctcggttctattttgttggttttcggagcgcgaggtaatgattaagagggacggacgggggcattcgtactgtgccgttagaggtgaaattcttggatcggcgcaagacggacgactgcgaaagcatttgccaagaatgttttctttaatcaagagcgaaagtcagaggttcg","OTU_2444","Low","79730","Eukaryota","Chordata","Ascidiacea","Enterogona","Ascidiidae","Ascidia","Ascidia sydneiensis"
"OTU_2458",0.000129198240657001,0.000125067165700098,0.000124892670361408,0,0,0,0,0,0,0,0,0,0,0,0,2.89464325589473e-05,0,4.21434140379712e-05,5.76381653328604e-05,0,0,4.4846177610795e-05,4.86991246332347e-05,9.88254594148545e-06,0,0,0,0,0,0,0,0,0,0,0,0,0,0,0,"agccgcggtaattccagctccaacagtgtatgctaaagttgttgcggttgaaaagctcgtagttggatcttgggtgggtgccgccggtccgtcgcaaggcgtgtcactggcggcgctcgcctcgccttcggttccccgtcggtgctcttgactgagtgtcggcggtggccgataagtttactttgaaaaaattagagtgttcaaagcaggctgctcgcctgcatagtgttgcatggaataatggaataggacctcggttctattttgttggttttcggagcacgaggtaatgattaagagggacagacgggggcgtccgtactctgccgttagaggtgaaattcttggatcggcggaagacgaactactgcgaaagcattcgccaagaatgttttctttaatcaagagcgaaagtcagaggttcg","OTU_2458","High-MH","None","Eukaryota","Chordata","Ascidiacea","Stolidobranchia","Pyuridae",NA,NA
"OTU_2474",0,0,0,0,0,0,0,0,0,0,0,0,0,0,0,0.000306005144194586,0.000267628808754436,0,0,0,0,0,0,0,0,0,0,0,0,0,0,0,0,0,0,0,0,0,0,"agccgcggtaattccagctccaacagtgtatgctaaagttgttgcggttgaaaagctcgtagttggattttgggcgagcgcagccggtccgtcgcagggcgtgttactggttgcgttcgcctcaccttcggttctccgtcggtgctcttgactgagtgtcggcggtggccgataagtttactttgaaaaaattagagtgttcaaagcaggctgctcgcctgcatagtgttgcatggaataatggaataggacctcggttctattttgttggttttcggagcacgaggtaatgattaagagggacagacgggggcgtccgtactctgccgttagaggtgaaattcttggatcggcggaagactaactactgcgaaagcattcgccaagaatgttttctttaatcaagagtgaaagtcagaggttcg","OTU_2474","High-MH","None","Eukaryota","Chordata","Ascidiacea","Stolidobranchia","Styelidae","Styela",NA
"OTU_2492",0,0,0,0,0,0,0,0,0,0,0,0,0,0,0,0.000202625027912631,0.000198243562040323,0.000194913289925617,0,0,0,0,0,0,0,0,0,0,0,0,0,0,0,0,0,0,0,0,0,"agccgcggtaattccagctccaacagtgtatgctaaagttgttgcggttgaaaagctcgtagttggattttgggcgagcgcagccggtccgtcgcagggcgtgttactggttgcgttcgcctcaccttcggttctccgtcggtgctcttgactgagtgttggcggtggccgataagtttactttgaaaaaattagagtgttcaaagcaggctgctcgcctgcatagtgttgcatggaataatggaataggacctcggttctattttgttggttttcggagcacgaggtaatgattaagagggacagacgggggcgtccgtactctgccgttagaggtgaaattcttggatcggcggaagacgaactactgcgaaagcattcgccaagaatgttttctttaatcaagagcgaatatcagaggtttg","OTU_2492","High-MH","None","Eukaryota","Chordata","Ascidiacea","Stolidobranchia","Styelidae","Styela",NA
"OTU_2534",0,0,0,0,0,0,0,0,0,0,0,0,0,0,0,0,0,0,0,0,0,0,0,0,0,0,0,0,0,0,0,0,0,0,0,0,0,0,0,"agccgcggtaattccagctccaacagtgtatgctaaagttgttgcggttgaaaagctcgtagttggatattgggcgagcgcggtcggtccgtcgcagggcgtgcactggtcgcgttcgcctcgacttcggttctccgtcggtgctcttgactgagtgtcggcggtggccgagaagtttactttgaaaaaattagagtgttcaaagcaggctggtcgcctgaatagtgttgcatggaataatggaataggacctcggttctattttgttggttttcggaacggaggtaatgattaagagggacagacgggggtgtccgtactctgccgttagaggtgaaattcttggatcggcggaagacgaactactgcgaaagcattcaccaagaatgttttctttaatcaagagcgaaagtcagaggttcg","OTU_2534","High-MH","None","Eukaryota","Chordata","Ascidiacea","Stolidobranchia","Styelidae",NA,NA
"OTU_2546",0,0,0,0,0,0,0,0,0,0,0,0,0,0,0,0,0,0,0,0,0,0,0,0,0,0,0,0,0,0,0,0,0,0,0,0,0,0,0,"agccgcggtaattccagctccaacagtgtatgctaaagttgttgcggttgaaaagctcgtagttggattttgggtgggcgcagtcggtccgtcgcagggcgtgctactggctgcgttcgcctcaccttcggttctccgtcggtgctcttgactgagtgtcggcggtggccgagaagtttactttgaaaaaattagagtgttcaaagcaggctgctcgcctgaatagtgttgcatggaataatggaataggacctcggttctattttgttggttttcggagcgcgaggtaatgattaagagggacagacgggggcgtccgtactctgccgttagaggtgaaattcttggatcggcggaagacgaactactgcgaaagcattcgccaagaatgttttctttaatcaagagcgaaagtcagaggttcg","OTU_2546","High-MH","None","Eukaryota","Chordata","Ascidiacea","Stolidobranchia","Styelidae",NA,NA
"OTU_2549",0,0,0,0,0,0,0,0,0,0,0,0,0,0,0,0.000202625027912631,0.00017841920583629,0.000184377436416124,0,0,0,0,0,0,0,0,0,0,0,0,0,0,0,0,0,0,0,0,0,"agccgcggtaattccagctccaacagtgtatgctaaagttgttgcggttgaaaagctcgtagttggattttgggcgagcgcagccggtccgtcgcagggcgtgttactggttgcgttcgcctcaccttcggttctccgtcggtgctcttgactgagtgttggcggtggcagataagtttactttgaaaaaattagagtgttcaaagcaggctgctcgcctgcatagtgttgcatggaataatggaataggacctcggttctattttgttggttttcggagcacgaggtaatgattaagagggacagacgggggcgtccgtactctgccgttagaggtgaaattcttggatcggcggaagacgaactactgcgaaagcattcgccaagaatgttttctttaatcaagagcgaaagtcagaggttcg","OTU_2549","High-MH","None","Eukaryota","Chordata","Ascidiacea","Stolidobranchia","Styelidae","Styela",NA
"OTU_2551",0,0,0,0,0,0,0,0,0,0,0,0,0,0,0,0,0,0,0,0,0,0,0,0,0.000223850625794176,0.000251421387960344,0.000247029149439634,0,0,0,0,0,0,0,0,0,0,0,0,"agccgcggtaattccagctccaaaagtatatatttaagttgttgcggttaaaaagctcgtagttggattttgggcgcaggcggccggtccgtcgcaaggcgtgtactggacgtcctggccttccctccggttctccggcggtgctcttgactgagtgtcggcggcggccggaacgtttactttgaaaaaattagagtgttcaaagcaggctctcgagcctggataatggtgcatggaataatggaataggacctcggttctattttgttggttttcggagcgcgaggtaatgattaagagggacagacgggggcattcgtactgtgccgttagaggtgaaattcttggatcggcgcaagacgaacgactgcgaaagcatttgccaagaatgttttctttaatcaagagcgaaagtcagaggttcg","OTU_2551","High","51511","Eukaryota","Chordata","Ascidiacea","Enterogona","Cionidae","Ciona","Ciona savignyi"
"OTU_2642",0,0,0,0,0,0,0,0,0,0,0,0,0,0,0,0.000140596958143459,0.000218067918244355,0.000173841582906631,0,0,0,0,0,0,0,0,0,0,0,0,0,0,0,0,0,0,0,0,0,"agccgcggtaattccagctccaacagtgtatgctaaagttgttgcggttgaaaagctcgtagttggattttgggcgagcgcagccggtccgtcgcagggcgtgttactggttgcgttcgcctcaccttcggttctctgtcggtgctcttgactgagtgtcggcggtggccgataagtttactttgaaaaaattagagtgttcaaagcaggctgctcgcctgcatagtgttgcatggaataatggaataggacctcggttctattttgttggttttcggagcacgaggtaatgattaagagggacagacgggggcgtccgtactctgcagttagaggtgaaattcttggatcggcggaagacgaactactgcaaaagcattcgccaagaatgttttctttaatcaagagcgaaagtcagaggttcg","OTU_2642","High-MH","None","Eukaryota","Chordata","Ascidiacea","Stolidobranchia","Styelidae","Styela",NA
"OTU_2659",0,0,0,0,0,0,0,0,0,0,0,0,0,0,0,0,0,6.32151210569568e-05,5.76381653328604e-05,0,6.50771571043919e-05,0,0,0,0,0,0,0,0,0,0,0,0,0,0,0,6.26682031981673e-05,4.87038491751767e-05,7.15246187737819e-05,"agccgcggtaattccagctccaaaagtgtatatttaagttgttgcggttaaaaagctcgtagttggattttgggctcgggccgtcggtccgtcgcaaagcgtgtactggcgtgcccggcctcaccttcggttcaccgtcggtgctcttgattgagtgttggcggcggccggaacgtttactttgaaaaaattagagtgtttaaagcaggcggttcgcctgaataatggtgcatggaataatggaataggacctcggttctattttgttggttttcggagcgcgaggtaatgattaagagggacggacgggggcattcgtactgtgccgctagaggtgaaattcttggatcggcgcaagacgaacaactgcgaaagcatttgccaagaatgttttctttaatcaagagcgaaagtcagaggttcg","OTU_2659","High","159417","Eukaryota","Chordata","Ascidiacea","Enterogona","Clavelinidae","Clavelina","Clavelina lepadiformis"
"OTU_2660",0,0,0,0,0,0,0,0,0,0,0,0,0,0,0,0,0,0,0.00012414374071693,0,4.88078678282939e-05,0,0,0,0,0,0,0,0,0,0,0,0,0,0,0,0,0,0,"agccgcggtaattccagctccaacagtgtatgctaaagttgttgcggttgaaaagctcgtagttggatcttgggcgagcgccgccggtccgtcgcaaggcgtgtcactggcggcgcctgcctcaccttcggttctccgtcggtgctcttgactgagtgtcggcggtggccgagaagtttactttgaaaaaattagagtgttcaaagcaggctggtcgcctgcatagtgttgcatggaataatggaataggacctcggttctattttgttggttttcggagcgcgaggtaatgattaagagagacagacgggggcgtccgtactctgccgctagaggtgaaattcttggatcggcggaagacgaactactgcgaaagcattcgccaagaatgttttctttaatcaagagcgaaagtcagaggttcg","OTU_2660","Low","569434","Eukaryota","Chordata","Ascidiacea","Stolidobranchia","Pyuridae","Pyura","Pyura gangelion"
"OTU_2684",0,0,0,0,0,0,0,0,0,1.97465854862597e-05,0.000127264591295923,1.50657431366124e-05,0,0,0,0,0,0,0,0,0,0,0,0,0,0,0,0,0,0,0,0,0,0,0,0,0,5.18460329929301e-05,6.07959259577146e-05,"agccgcggtaattccagctccgaaagtgtatgctaaagttgttgcggttgaaaagctcgtagttggatgtagagcgcgcggcgccggtccgtcgcagggcgtgcaccggcgtcgcgggttccgcctgtcggcgccgcccgcggtgctcttgaccgggtgccgcgggtcgggccgacgagtttactttgaaaaaattagagtgttcaaagcaggccgcccgcctgcatagtgtcgcatggaataacggaataggacctcggtctcgtttcgttggcgttcgcgagagcgaggtaatgattaagagggacggccgggggcgtccgtactctgccgttagaggtgaaattcttggatcggcggaagacgagcagctgcgaaagcgttcgccaagaacgttttctttaatcaagagcgaaagtcagaggttcg","OTU_2684","High","30301","Eukaryota","Chordata","Ascidiacea","Stolidobranchia","Styelidae","Botryllus","Botryllus schlosseri"
"OTU_2687",0,0,0,0,0,0,0,0,0,0,0,0,0,0,0,0,0.000337014055468549,0.000210717070189856,0,0,0,0,0,0,0,0,0,0,0,0,0,0,0,0,0,0,0,0,0,"agccgcggtaattccagctccaacagtgtatgctaaagttgttgcggttgaaaagctcgtagttggattttgggcgagcgcagccggtccgtcgcagggcgtgttactggttgcgttcgcctcaccttcggttctccgtcggtgctcttgactgagtgtcggcggtggccgataagtttactttgaaaaaattagagtgttcaaagcaggctgctcgcctgcatagtgttgcatggaataatggaataggacctcggttctattttgttggttttcggagcacgaggtaatgattaagagggacagacgggggcgtccgtactctgccgttagaggtgaaattcttggatcggcggaagatgaactactgcgaaagcatttgccaagaatgttttctttaatcaagagcgaaagtcagaggttcg","OTU_2687","High-MH","None","Eukaryota","Chordata","Ascidiacea","Stolidobranchia","Styelidae","Styela",NA
"OTU_2718",0,0,0,0,0,0,0,0,0,0,0,0,0,0,0,0.000223301051169022,0.000252760541601411,0,0,0,0,0,0,0,0,0,0,0,0,0,0,0,0,0,0,0,0,0,0,"agccgcggtaattccagctccaacagtgtatgctaaagttgttgcggttgaaaagctcgtagttggattttgggcgagcgcagccggtccgtcgcagggcgtgttactggttgcgttcgcctcaccttcggttctccgtcggtgctcttgactgagtgtcggcggtggccgataagtttactttgaaaaaattagagtgttcaaagcaggctgctcgcctgcatagtgttgcatggaataatggaataggacctcggttctattttgttggttttcggagcacgaggtaatgattaagagggacagacagacagagggcgtctgtactctgccgttagaggtgaaattcttggatcggtggaagacgaactactgcgaaagcattcgccaagaatgttttctttaatcaagagcgaaagtcagaggttcg","OTU_2718","Low","7726","Eukaryota","Chordata","Ascidiacea","Stolidobranchia","Styelidae","Styela","Styela plicata"
"OTU_2747",0,0,0,0,0,0,0,0,0,0,0,0,0,0,0,0,0,0,0,0,0,0,0,0,0.000177763732248316,0.000279992000228565,0.00017552071144395,0,0,0,0,0,0,0,0,0,0,0,0,"agccgcggtaattccagctccaacagtgtatgctaaagttgttgcggttgaaaagctcgtagttggattttgggtgggcgcagccggtccgtcgcaaggcgtgtcactggttgcgttcgcctcggtcttcggttctccgtcggtgctcttgactgagtgtcggcgttggccgataagtttactttgaaaaaattagagtgttcaaagcaggctgcccgcctgcatagtgttgcatggaataatggaataggacctcggttctattttgttggttttcggagcacgaggtaatgattaagagggacagacgggggcgtccgtactctgccgttagaggtgaaattcttggatcggcggaagacgaactactgcgaaagcattcgccaagaatgttttctttaatcaagagcgaaagtcagaggttcg","OTU_2747","Low","1440457","Eukaryota","Chordata","Ascidiacea","Stolidobranchia","Styelidae","Styela","Styela canopus"
"OTU_2765",0,0,0,0,0,0,0,0,0,0,0,0,0,0,0,0,0,0,0,0,0,0,0,0,0,0,0,0,0,0,0,0,0,0,0,0,0,0,0,"agccgcggtaattccagctccaacagtgtatgctaaagttgttgcggttgaaaagctcgtagttggatctagggtgtgcgccgccggtccgtcgcaatgcgtgtcactggcggcgcgtgccttgccttcggttctccgtcggtgctcttgactgagtgtcggcggtggccgataagtttactttgaaaaaattagagtgttcaaagcaggctgttcgcctgtatagtgttgcatggaataatggaataggacctcggttctattttgttggttttcggagcacgaggtaatgattaagagggacagacgggggcgtccgtactctgccgttagaggtgaaattcttggatcggcggaagacgaactactgcgaaagcattcgccaagaatgttttctttaatcaagagcgaaagtcagaggttcg","OTU_2765","High-MH","None","Eukaryota","Chordata","Ascidiacea","Stolidobranchia","Pyuridae","Pyura",NA
"OTU_2771",0,0,0,0,0,0,0,0,0,0,0,0,0,0,0,0,0,0,0,0,0,0,0,0,0,0.000262849632867632,0.000357542189978417,0,0,0,0,0,0,0,0,0,0,0,0,"tgacgcggttattccagctccaaaagtgtatatttaagttgctgcggttaaaaagctcgtagttggattttgggcgcaggcggccggtccgtcgcaaggcgtgcactggccgacctggccttaccttcggttccccgccggtgctcttgactgagtgtcgacggcggccggaacgtttactttgaaaaaattagagtgttcaaagcaggcggctcgcctgaataatggtgcatggaataatggaataggacctcggttctattttgttggttttcggagcgcgaggtaatgattaagagggacagacgggggcattcgtactgtgccgttagaggtgaaattcttggatcggcgcaagacgaacgactgcgaaagcatttgccaagaatgttttctttaatcaagagcgaaagtcagaggttcg","OTU_2771","High-MH","None","Eukaryota","Chordata","Ascidiacea","Enterogona","Perophoridae",NA,NA
"OTU_2777",0,0,0,0,0,0,0,0,0,0,0,0,0,0,0,0.00013646175349218,0.000148682671530242,0.000194913289925617,0,0,0,0,0,0,0,0,0,0,0,0,0,0,0,0,0,0,0,0,0,"agccgcggtaattccagctccaacagtgtatgctaaagttgttgcggttgaaaagctcgtagttggattttgggcgagcgcagccggtccgtcgcagggcgtgttactggttgcgttcgcctcaccttcggttctccgtcggtgctcttgactgagtgtcggcggtggccgataagtttactttgaaaaaattagagtgttcaaagcaggctgctcgcctgcatagtgttgcatggaataatggaataggacctcggttctattttgttggttttcggagcacgaggtaatgattaagagggacagacgggggcgtccgtactctgccgttagaggtgaaattcttggatcggcggaagacgaactactgcaaaagcattcgccaagaatgttttctttaatcaagagcgaaagtcagaggtttg","OTU_2777","High-MH","None","Eukaryota","Chordata","Ascidiacea","Stolidobranchia","Styelidae","Styela",NA
"OTU_2813",0,0,0,0,0,0,0,0,0,0,0,0,0,0,0,0.000169543390702406,0.000133814404377218,0.000152769875887646,0,0,0,0,0,0,0,0,0,0,0,0,0,0,0,0,0,0,0,0,0,"agccgcggtaattccagctccaacagtgtatgctaaagttgttgcggttgaaaagctcgtagttggattttgggcgagcgcagccggtccgtcgcagggcgtgttactggttgcgttcgcctcaccttcggttctccgtcggtgctcttgactgagtgtcggcggtggccgataagtttactttgaaaaaattagagtgttcaaagcaggctgctcgcctgcatagtgttgcatggaataatggaataggacctcggttctattttgttggttttcggagcacgaggtaatggttaagagggacagacgggggcgtctgtactctgccgttagaggtgaaattcttggattggcggaagactaactactgcgaaagcattcgccaagaatgttttctttaatcaagagcgaaagtcagaggttcg","OTU_2813","High","7726","Eukaryota","Chordata","Ascidiacea","Stolidobranchia","Styelidae","Styela","Styela plicata"
"OTU_2831",0,0,0,0,0,0,0,0,0,0,0,0,0,0,0,0.000165408186051128,0.000143726582479234,0.000142234022378153,0,0,0,0,0,0,0,0,0,0,0,0,0,0,0,0,0,0,0,0,0,"agccgcggtaattccagctccaacagtgtatgctaaagttgttgtggttgaaaagctcgtagttggattttgggcgagcgcagacggtccgtcgcagggcgtgttactggttgcgttcgcctcaccttcggttctccgtcggtgctcttgactgagtgtcggcggtggccgataagtttactttgaaaaaattagagtgttcaaagcaggctgctcgcctgcatagtgttgcatggaataatggaataggacctcggttctattttgttggttttcggagcacgaggtaatgattaagagggacagacgggggcgtccgtactctgccgttagaggtgaaattcttggatcggcggaagacgaactactgcgaaagcattcgccaagaatgttttctttaatcaagagcgaaagtcagaggttcg","OTU_2831","High-MH","None","Eukaryota","Chordata","Ascidiacea","Stolidobranchia","Styelidae","Styela",NA
"OTU_2882",0,0,0,0,0,0,0,0,0,0,0,0,0,0,0,0,0,0,0,0,0,0,0,0,0,0,0,0,0,0,0,0,0,0,0,0,0,0,0,"agccgcggtaattccagctccaaaagtgtatgcttaagttgttgcggttgaaaagctcgtagttggaattcgagcgcggcgcggcggtccgccgcaaggcgagcactgccgggcccgctttcgggtcgcgagcgggcgctgctcttgaccgggtggcgcctcggtctccgaccggattactttgaaaaaattagagtgttcaaagcaggccgatttgggcccgaatatcgacgcatggaatagtggaacagggcttcggttctcttccgccggcgaggaacggaggcaatgatcaagagggacggacgggggcattcgtactgtgccgttagaggtgaaattcttggatcggcgcaagacgaacgaaggcgaaagcatttgccaaggatgttttctttaatcaagagcgaaagtcagaggttcg","OTU_2882","High","322839","Eukaryota","Chordata","Ascidiacea","Enterogona","Clavelinidae","Distaplia","Distaplia dubia"
"OTU_2901",0,0,0,0,0,0,0,0,0,9.87329274312983e-06,0,2.63650504890717e-05,0,0,0,0,0,0,0,0,0,0,0,0,0,0,0,0,0,0,0,0,0,0,0,0,0,0,0,"agccgcggtaattccagctccaacagtgtatgctaaagttgttgcggttgaaaagctcgtagttggatctagggtgtgcgccgccggtccgtcgcaaggcgtgtcactggcggcgcgtgccttgccttcggttctccgtcggtgctcttgactgagtgtcggcggtggccgataagtttactttgaaaaaattagagtgttcaaagcaggctgttcgcctgtatagtgttgcatggaataatggaataggacctcggttctattttgttggttttcggagcacgaggtaatgattaagagggacagacgggggcgtccgtactctgccgttagaggtgaaattcttggatcggcggaagacgaactactgcgaaagcattcgccaagagcgaaagtcagaggttcg","OTU_2901","High-MH","None","Eukaryota","Chordata","Ascidiacea","Stolidobranchia","Pyuridae","Pyura",NA
"OTU_2915",0,0,0,0,0,0,0,0,0,0,0,0,0,0,0,2.0676023256391e-05,0.000232936185397379,0.000200181216680363,0,0,0,0,0,0,0,0,0,0,0,0,0,0,0,0,0,0,0,0,0,"agccgcggtaattccagctccaacagtgtatgctaaagttgttgcggttgaaaagctcgtagttggattttgggcgagcgcagccggtccgtcgcagggcgtgttactggttgcgttcgcctcaccttcggttctccgtcggtgctcttgactgagtgtcggcggtggccgataagtttactttgaaaaaattagagtgttcaaagcaggctgctcgcctgcatagtgttgcatggaataatggaataggacctcggttctgttttgttggtttttggagcacgaggtaatgattaagagggacagacgggggcgtccgtactctgccgttagaggtgaaattcttggatcggcggaagacgaactactgcgaaagcattctccaagaatgttttctttaatcaagagcgaaagtcagaggttcg","OTU_2915","High-MH","None","Eukaryota","Chordata","Ascidiacea","Stolidobranchia","Styelidae","Styela",NA
"OTU_2939",0,0,0,0,0,0,0,0,0,0,0,0,0,0,0,0,0,0,0,0,0,0,0,0,0,0,0,0,0,0,0,0,0,0,0,0,0,0,0,"agccgcggtaattccagctccaacagtgtatgctaaagttgttgcggttgaaaagctcgtagttggatctagggtttgcgccgccggtccgtcgcaaggcgtgtcactggcgtcgcgtgccttgccttcggttctccgtcggtgctcttgactgagtgtcggcggtggccgataagtttactttgaaaaaattagagtgttcaaagcaggctgttcgcctgtatagtgttgcatggaataatggaataggacctcggttctattttgttggttttcggagcacgaggtaatgattaagagggacagacgggggcgtccgtactctgccgttagaggtgaaattcttggatcggcggaagacgaactactgcgaaagcattcgccaagaatgttttctttaatcaagagcgaaagtcagaggttcg","OTU_2939","High-MH","None","Eukaryota","Chordata","Ascidiacea","Stolidobranchia","Pyuridae","Pyura",NA
"OTU_2940",0,0,0,0,0,0,0,0,0,0,0,0,0,0,0,0.00020676023256391,0,0.000200181216680363,0,0,0,0,0,0,0,0,0,0,0,0,0,0,0,0,0,0,0,0,0,"agccgcggtaattccagctccaacagtgtatgctaaagttgttgcggttgaaaagctcgtagttggattttgggcgagcgcagccggtccgtcgcagggcgtgttactggttgcgttcgcctcaccttcggttctccgtcggtgctcttgactgagtgtcggcggtggccgataagtttactttgaaaaaattagagtgttcaaagcaggctgctcgcctgcatagtgttgcatggaataatggaataggacctcggttctattttgttggttttcggagcacgaggtaatgattaagagggacagacgggggcgtccgtactctgccgttagaggtgaaattcttggatcggcggaagacgagctactgcgaaagcattcgccaagaatgttttctttaatcaagagcgaaagtcaggggttcg","OTU_2940","High-MH","None","Eukaryota","Chordata","Ascidiacea","Stolidobranchia","Styelidae","Styela",NA
"OTU_2944",0,0,0,0,0,0,0,0,0,0,0,0,0,0,0,0,0,0,0,0,0,0,0,0,0.000395030516107369,0.000159995428702037,0,0,0,0,0,0,0,0,0,0,0,0,0,"tgacgcggttattccagctccaaaagtgtatatttaagttgctgcggttaaaaagctcgtagttggattttgggcgcaggcggctggtccgtcgcaaggcgtgcactggccgacctggccttaccttcggttccccgccggtgctcttgactgagtgtcgacggcggccggaacgtttactttgaaaaaattagagtgttcaaagcaggcggctcgcctgaataatggtgcatggaataatggaataggacctcggttctattttgttggttttcggagcgcgaggtaatgattaagagggacagacgggggcattcgtactgtgccgttagaggtgaaattcttggatcggcgcaagacgaacgactgcgaaagcatttgccaagaatgttttctttaatcaagagcgaaagtcagaggttcg","OTU_2944","High-MH","None","Eukaryota","Chordata","Ascidiacea","Enterogona","Perophoridae",NA,NA
"OTU_2951",0,0,0,0,0,0,0,0,0,0,0,0,0,0,0,0.000215030641866466,0.000173463116785282,0,0,0,0,0,0,0,0,0,0,0,0,0,0,0,0,0,0,0,0,0,0,"agccgcggtaattccagctccaacagtgtatgctaaagttgttgcggttgaaaagctcgtagttggattttgggcgagcgcagccggtccgtcgcagggcgtgttactggttgcgttcgcctcaccttcggttctccgtaggtgctcttgactgagtgttggcggtggccgataagtttactttgaaaaaattagagtgttcaaagcaggctgctcgcctgcatagtgttgcatggaataatggaataggacctcggttctattttgttggttttcggagcacgaggtaatgattaagagggacagacgggggcgtccgtactctgccgttagaggtgaaattcttggatcggcggaagacgaactactgcgaaagcattcgccaagaatgttttctttaatcaagagcgaaagtcagaggttcg","OTU_2951","High-MH","None","Eukaryota","Chordata","Ascidiacea","Stolidobranchia","Styelidae","Styela",NA
"OTU_2952",0,0,0,0,0,0,0,0,0,0,0,0,0,0,0,4.96224558153383e-05,0.000158594849632258,0.000226520850454095,0,0,0,0,0,0,0,0,0,0,0,0,0,0,0,0,0,0,0,0,0,"agccgcggtaattccagctccaacagtgtatgctaaagttgttgcggttgaaaagctcgtagttggattttgggcgagcgcagccggtccgtcgcagggcgtgttactggttgcgttcgcctcaccttcggttctccgtcggtgctcttgactgagtgtcggcggtggccgataagtttactttgaaaaaattagagtgttcaaagcaggctgctcgcctgcatagtgttgcatggaataatggaataggacctcggttctgttttgttggtttttggagcacgaggtaatgattaagagggacagacgggggcgtccgtactctgccgttagagttgaaattcttggatcggcggaagacgaactactgcgaaagcattctccaagaatgttttctttaatcaagagcgaaagtcagaggttcg","OTU_2952","High","7726","Eukaryota","Chordata","Ascidiacea","Stolidobranchia","Styelidae","Styela","Styela plicata"
"OTU_3000",0,0,0,0,0,0,0,0,0,0,0,0,0,0,0,0.000198489823261353,0.000173463116785282,0,0,0,0,0,0,0,0,0,0,0,0,0,0,0,0,0,0,0,0,0,0,"agccgcggtaattccagctccaacagtgtatgctaaagttgttgcggttgaaaagctcgtagttggattttgggcgagcgcagccggtccgtcgcagggcgtgttactggttgcgttcgcctcaccttcggttctccgtcggtgctcttgactgagtgtcggcggtggccgataagtttactttgaaaaaattagagtgttcaaagcaggctgctcgcctgcatagtgttgcatggaataatggaataggacctcggttctattttgttggttttcggagcacgaggtaatgattaagagggacagacgggggcgtccgtactctgccgttagaggtgaaattcttggatcagcggaagatgaactactgcgaaagcattcgccaagaatgttttctttaatcaagagcgaaagtcagaggttcg","OTU_3000","High-MH","None","Eukaryota","Chordata","Ascidiacea","Stolidobranchia","Styelidae","Styela",NA
"OTU_3042",0,0,0,0,0,0,0,0,0,0,0,0,0,0,0,0,0,0,0,0,0,0,0,0,0,0,0,0,0,0,0,0,0,0,0,0,0,0,0,"agccgcggtaattccagctccaaaagtgtatgctaaagttgttgcggttgaaaagctcgtagttggatattgggcgagcgcggtcggtccgtcgcagggcgtgcactggtcgcgttcgtctcgagcgtcggttctccgtcggtgctcttgactgagtgtcggcggtggccgagaagtttactttgaaaaaattagagtgttcaaagcaggctggtcgcctgaatagtgttgcatggaataatggaataggacctcggttctattttgttggttttctgaacggaggtaatgattaagagggacagacgggggcgtccgtactctgccgttagaggtgaaattcttggatcggcggaagacgaactactgcgaaagcattcgccaagaatgttttctttaatcaagagcgaaagtcagaggttcg","OTU_3042","Low","30301","Eukaryota","Chordata","Ascidiacea","Stolidobranchia","Styelidae","Botryllus","Botryllus schlosseri"
"OTU_3069",5.05558333005657e-05,6.02175242259732e-05,5.07376473343221e-05,0,0,0,0,0,0,0,0,0,0,0,0,0,0,0,0.000101975215588907,0,8.13464463804899e-05,0,0,0,0,0,0,0,0,0,0,0,0,0,0,0,0,0,0,"agccgcggtaattccagctccaatagtgtatgctaaagttgttgcggttgaaaagctcgtagttggatctagggcgctggtcggtggtccaccgcaaggtgtgtactgtcggccggtctcttttttctggttttccggcggttctcttaactgagtgtcgtcggtggccagtgcttttactttgaaaaaattagagtgtttaaagcaggctgtttgcctgaatatcggtgcatggaataatggaataggacctcgagtctattttgttggttttcggaagcgaggtaatgattaagagggacagacgggggcatccgtactctgccgttagaggtgaaattcttggatcggcggaagacgaactattgcgaaagcatttgccaagaatgttttctttaatcaagagcgaaagtcagaggttcg","OTU_3069","High-MH","None","Eukaryota","Chordata","Ascidiacea","Stolidobranchia","Molgulidae","Molgula",NA
"OTU_3091",0,0,0,0,0,0,0,0,5.78052907606125e-05,0,0,0,5.40468832145121e-05,3.29497434038732e-05,0,0,0,0,2.66022301536279e-05,1.89633375474083e-05,2.4403933914147e-05,6.47778121044816e-05,3.6524343474926e-05,4.44714567366845e-05,0,0,0,0,0,0,0,0,0,0,0,0,0,0,0,"agccgcggtaattccagctccaaaagtgtatatttaagttgttgcggttaaaaagctcgtagttggattttgggcgcaggcggccggtccgtcgcaaggcgtgcactggccgtcctggcctcacccccggttctccgccggtgcccttgactgagtgtcggcggcggccgggacgtttactttgaaaaaattagagtgttcaaagcaggcggttcgcctgaataatggtgcatggaataatggaataggacctcggttctattttgttggttttcggagcgcgaggtaatgattaagagggacggacgggggcattcgtactgtgccgctagaggtgaaattcttggatcggcgcaagacgaacaactgcgaaagcatttgccaagaatgttttctttaatcaagagcgaaagtcagaggttcg","OTU_3091","High","79730","Eukaryota","Chordata","Ascidiacea","Enterogona","Ascidiidae","Ascidia","Ascidia sydneiensis"
"OTU_3092",0,0,0,0,0,0,0,0,0,0.000131643903241731,0,0.000139358124013665,0,0,0,0,0,0,0,0,0,0,0,0,0,0,0,0,0,0,0,0,0,0,0,0,0,0,0,"agccgcggtaattccagctccgaaagtgtatgctaaagttgttgcggttgaaaagctcgtagttggatgtagagcgcgcggcgccggtccgtcgcagggcgtgcaccggcgtcgcgggttccgcctgtcggcgctgcccgcggtgctcttgaccgggtgccgcgggtcggccgacgagtttactttgaaaaaattagagtgttcaaagcaggccgcccgcctgcatagtgtcgcatggaataacggaataggacctcggtctcgtttcgttggcgttcgcgagagcgaggtaatgattaagagggacggccgggggcgtccgtactctgccgttagaggtgaaattcttggatcggcggaagacgagcagctgcgaaagcgttcgccaagaacgttttctttaatcaagagcgaaagtcagaggttcg","OTU_3092","Low","30301","Eukaryota","Chordata","Ascidiacea","Stolidobranchia","Styelidae","Botryllus","Botryllus schlosseri"
"OTU_3112",0,0,0,0,0,0,0,0,0,0,0,0,0,0,0,0,0,0,0,0,0,0.000139521441455807,0.000164359545637167,0.000103766732385597,0,0,0,0,0,0,0,0,0,0,0,0,0,0,0,"agccgcggtaattccagctccaacagtgtatgctaaagttgttgcggttgaaaagctcgtagttggatcttgggcgggcgcggtcggtccgtcgcagggcgtgcactggtcgcgtccgcctcgccttcggttcttcgtcggtgctcttgactgagtgtcggcggtggccgagaagtttactttgaaaaaattagagtgttcaaagcaggctgttcgcctgtatagtgttgcatggaataatggaataggacctcggttctattttgttggttttcggagcacgaggtaatgattaagagggacagacgggggcgtccgtactctgccgttagaggtgaaattcttggatcggcggaagacgaactactgcgaaagcattcgccaagaatgttttctttaatcaagagcgaaagtcagaggttcg","OTU_3112","High-MH","None","Eukaryota","Chordata","Ascidiacea","Stolidobranchia","Styelidae","Symplegma",NA
"OTU_3206",0,0,0,0,0,0,0,0,0,0,0,0,0,0,0,0,0,0,0,0,0,0,0,0,0,0,0,0,0,0,0,0,0,0,0,0,0,0,0,"agccgcggtaattccagctccaacagtgtatgctaaagttgttgcggttgaaaagctcgtagttggattttgggcgagcgcggccggtccgtcgcagggcgtgtcactggtcgcgttcgcctcgacttcggttctctgtcggtgctcttgactgagtgtcggcggtggccgataagtttactttgaaaaaattagagtgttcaaagcaggctgctcgcctgaatagtgttgcatggaataatggaataggacctcggttctattttgttggttttcggagcacgaggtaatgattaagagggacagacgggggcgtccgtactctgccgttagaggtgaaattcttagatcggcggaagacgaactactgcgaaagcattcgccaagaatgttttctttaatcaagagcgaaagtcagaggttcg","OTU_3206","High","581059","Eukaryota","Chordata","Ascidiacea","Stolidobranchia","Styelidae","Polyandrocarpa","Polyandrocarpa zorritensis"
"OTU_3212",0,0,0,0,1.98983195869109e-05,0,0,0,0,0,0,0,0,0,0,0,0,0,0,0,0,0,0,0,0,0,0,0,0,0,0,0,0,0,0,0,0,0,0,"agccgcggtaattccagctccaatagtgtatgctaaagttgttgcggttgaaaagctcgtagttggatctagggcgctggtcggtggtccgccgcaaggtgtgtactgtcggccggtctctttcttctggttttccggcggttctcttaactgagtgtcgtcggtggccagtgcgtttactttgaaaaaattagagtgtttaaagcaggctgtttgcctgaatatcggtgcatggaataatggaataggacctcgagtctattttgttggttttcggaagcgaggtaatgattaagagggacagacgggggcatccgtactctgccgttagaggtgaaattcttggatcggcggaagacgaactattgcgaaagcatttgccaagaatgttttctttaatcaagagcgaaagtcagaggttcg","OTU_3212","High-MH","None","Eukaryota","Chordata","Ascidiacea","Stolidobranchia","Molgulidae","Molgula",NA
"OTU_3218",0,0,0,0,0,0,0,0,0,0,0,0,0,0,0,0.000157137776748571,0.000158594849632258,0,0,0,0,0,0,0,0,0,0,0,0,0,0,0,0,0,0,0,0,0,0,"agccgcggtaattccagctccaacagtgtatgctaaagttgttgcggttgaaaagctcgtagttggattttgggcgagcgcagccggtccgtcgcagggcgtgttactggttgcgttcgcctcaccttcggttctccgtcggtgctcttgactgagtgtcggcggtggccgataagtttactttgaaaaaattagagtgttcaaagcaggctgctcgcctgcatagtgttgcatggaataatggaataggacctcggttctattttgttggttttcggagcacgaggtaatgattaagagggacagacgggggcgtccgtactctgccgttagaggtgaaattcttggaccgccgcaagacgaacaactgcgaaagcatttgccaagaatgttttcattaatcaagaacgaaagttagaggttcg","OTU_3218","Low","7726","Eukaryota","Chordata","Ascidiacea","Stolidobranchia","Styelidae","Styela","Styela plicata"
"OTU_3302",0,0,0,0,0,0,0,0,0,0,0,0,0,0,0,0.000140596958143459,0,0.000163305729397138,0,0,0,0,0,0,0,0,0,0,0,0,0,0,0,0,0,0,0,0,0,"agccgcggtaattccagctccaacagtgtatgctaaagttgttgcggttgaaaagctcgtagttggattttgggcgagcgcagccggtccgtcgcagggcgtgttactggttgcgttcgcctcaccttcggttctccgtcggtgctcttgactgagtgtcggcggtggccgataagtttactttgaaaaaattagagtgttcaaagcaggctgctcgcctgcatagtgttgcatggaataatggaataggacctcggttctattttgttggttttcggagcacgaggtaatgattaagagggacagacgggggcgtccgtactctgccgttagaggtgaaattcttggatcggcggaagacgaactactgcgaaagccttcgccaaaaatgttttctttaatcaagagcgaaagtcagaggttcg","OTU_3302","High-MH","None","Eukaryota","Chordata","Ascidiacea","Stolidobranchia","Styelidae","Styela",NA
"OTU_3360",0,0,0,0,0,0,0,0,0,0,0,0,0,0,0,0,0,0,8.86741005120929e-05,0,0,0,0,0,0,0,0,0,0,0,0,6.47310425183363e-05,0,0,0,0,0,0,0.000103710697221984,"agccgcggtaattccagctccaacagtgtatgctaaagttgttgcggttgaaaagctcgtagttggatattgggcgagcgcggtcggtccgtcgcagggcgtgcactggtcgcgttcgcctcgacttcggttctccgtcggtgctcttgactgagtgtcggcggtggccgagaagtttactttgaaaaaattagagtgttcaaagcaggctggtcgcctgtatagtgttgcatggaataatggaataggacctcggttctattttgttggttttcggaacgaaggtaatgattaagagcgacagacgggggtgtccgtactctgccgttagaggtggaattcttggatcggcggaagacgaactactgcgaaagcattcaccaagaatgttttctttaatcaagagcgaaagtcagaggttcg","OTU_3360","High-MH","None","Eukaryota","Chordata","Ascidiacea","Stolidobranchia","Styelidae",NA,NA
"OTU_3496",0,0,0,0,0,0,0,0,0,0,0,0,0,0,0,0,0,0,0,0,0,0,0,0,0,0,0,0,0,0,0,0,0,0,0,0,0,0,0,"agccgcggtaattccagctccaacagtgtatgctaaagttgttgcggttgaaaagctcgtagttggatctagggtgtgcgccgccggtccgtcgcaaggcgtgtcactggcggcgcgtgccttgccttcggttctccgtcggtgctcttgactgagtgtcggcggtggccgataagtttactttgaaaaaattagagtgttcaaagcaggctgttcgcctgtatagtgttgcattgcctattccattataggacctcggttctattttgttggttttcggagcacgaggtaatgattaagagggacagacgggggcgtccgtactctgccgttagaggtgaaattcttggatcggcggaagacgaactactgcgaaagcattcgccaagaatgttttctttaatcaagagcgaaagtcagaggttcg","OTU_3496","Low","1050967","Eukaryota","Chordata","Ascidiacea","Stolidobranchia","Pyuridae","Pyura","Pyura herdmani"
"OTU_3624",0,0,0,0,0,0,0,0,0,0,0,0,0,0,0,0.000103380116281955,4.95608905100807e-05,8.95547548306888e-05,0,0,0,0,0,0,0,0,0,0,0,0,0,0,0,0,0,0,0,0,0,"agccgcggtaattccagctccaacagtgtatgctaaagttgttgcggttgaaaagctcgtagttggattttgggcgagcgcagccggtccgtcgcaaggcgtgttactagttgtgttcgcctcaccttcggttctccgtcggtgctcttgactgagtgtcggcggtggccgataagtttactttgaaaaaattagagtgttcaaagcaggctgctcgcctgcatagtgttgcatggaataatggaataggacctcggttctattttgttggttttcggagcacgaggtaatgattaagagggacagacgggggcgtccgtactctgccgttagaggtgaaattcttggatcggcggaagactaactactgcgaaagcattcgccaagaatgttttctttaatcaagagcgaaagtcagaggttcg","OTU_3624","High","7726","Eukaryota","Chordata","Ascidiacea","Stolidobranchia","Styelidae","Styela","Styela plicata"
"OTU_3707",0,0,0,0,0,0,0,0,0,0,0,0,0,0,0,0.000124056139538346,9.41656919691533e-05,0,0,0,0,0,0,0,0,0,0,0,0,0,0,0,0,0,0,0,0,0,0,"agccgcggtaattccagctccaacagtgtatgctaaagttgttgcggttgaaaagctcgtagttggattttgggcgagcgcagccaatccgtcgcagggcgtgttactggttgcgttcgcctcaccttcggttctccgtcggtgctcttgactgagtgtcggcggtggccgataagtttactttgaaaaaattagagtgttcaaagcaggctgctcgcctgcatagtgttgcatggaataatggaataggacctcggttctattttgttggttttcggagcacgaggtaatgattaagagggacagacgggggcgtccgtactctgccgttagaggtgaaattcttggatcggcggaagacgaactactgcgaaagcattcgccaagaatgttttctttaatcaagagcgaaagtcagaggttcg","OTU_3707","High-MH","None","Eukaryota","Chordata","Ascidiacea","Stolidobranchia","Styelidae","Styela",NA
"OTU_3708",0,0,0,0,0,0,0,0,0,0,0,0,0,0,0,0.000115785730235789,0,0.000110626461849674,0,0,0,0,0,0,0,0,0,0,0,0,0,0,0,0,0,0,0,0,0,"agccgcggtaattccagctccaacagtgtatgctaaagttgttgcggttgaaaagctcgtagttggattttgggcgagcgcggccggtccgtcgcagggcgtgttactggttgcgttcgcctcaccttcggttctccgtcggtgctcttgactgagtgtcggcggtggccgataagtttactttgaaaaaattagtgtgttcaaagcaggctgctcgcctgcatagtgttgcatggaataatggaataggacctcggttctattttgttggttttcggagcacgaggtaatgattaagagggacagacgggggcgtccgtactctgccgttagaggtgaaattcttggatcggcggaagacgaactactgcgaaagcattcgccaagaatgttttctttaatcaagagcgaaagtcagaggttcg","OTU_3708","High-MH","None","Eukaryota","Chordata","Ascidiacea","Stolidobranchia","Styelidae","Styela",NA
"OTU_3709",0,0,0,0,0,0,0,0,0,0,0,0,0,0,0,8.27040930255638e-05,0,0.000152769875887646,0,0,0,0,0,0,0,0,0,0,0,0,0,0,0,0,0,0,0,0,0,"agccgcggtaattccagctccaacagtgtatgctaaagttgttgcggttgaaaagctcgtagttggattttgggcgagcgcagccggtccgtcgcagggcgtgttactggttgcgttcgcctcaccttcggttctccgtcggtgctcttgactgagtgtcggcggtggccgataagtttactttgaaaaaattagagtgttcaaagcaggctgctcgcctgcatagtgttgcatggaataatggaataggacctcggttctattttgttggttttcggagcacgatttaatgattaagagggacagacgggggcgtccgtactctgccgttagaggtgaaattcttggatcggcggaagacgaactactgcgaaagcattcgccaagaatgttttctttaatcaagagcgaaagtcagaggttcg","OTU_3709","High-MH","None","Eukaryota","Chordata","Ascidiacea","Stolidobranchia","Styelidae","Styela",NA
"OTU_3754",0,0,0,0,0,0,0,0,0,0,0,0,0,0,0,0,3.46926233570565e-05,0,0,0,0,0,0,0,0,0,0,0,0,0,0,0,0,0,0,0,0,0,0,"agccgcggtaattccagctccaatagtgtatgctaaagttgttgcggttgaaaagctcgtagttggatctagtgcgccgggcgccggtccgccgcaaggcgtgcactggcgtccggcctctcgttgccggttctcggtcggtgctcttgactgagtgtcggccgtggccggcgtgtttactttgaaaaaattagagtgttcaaagcaggcctgtcgcctgtatagtcgtgcatggaataatggaataggacctcgagtctgttttgttggttttaggacgcgaggtaatgattaagagggacagacgggggcatccgtactctgccgttagaggtgaaattcttggatcggcggaagacgaactattgcgaaagcatttgccaagaatgttttctttaatcaagagcgaaagtcagaggttcg","OTU_3754","Low","167884","Eukaryota","Chordata","Ascidiacea","Stolidobranchia","Molgulidae","Molgula","Molgula pacifica"
"OTU_3796",0,0,0,0,0,0,0,0,0,0,0,0,0,0,0,6.61632744204511e-05,6.44291576631049e-05,8.95547548306888e-05,0,0,0,0,0,0,0,0,0,0,0,0,0,0,0,0,0,0,0,0,0,"agccgcggtaattccagctccaacagtgtatgctaaagttgttgcggttgaaaagctcgtagttggattttgggcgagcgcagccggtccgtcgcagggcgtgttactggttgcgttcgcctcaccttcggttctccgtcggtgctcttgactgagtgtcggcggtggccgataagtttactttgaaaaaattagagtgttcaaagcaggctgctcgcctgcatagtgttgcatggaataatggaataggacctcggttctatttagttggttttcggagcacgaggtaatgattaagagggacagtactccgtccgtactctgccgttagaggtgaaattcttggatcggcggaagacgaactactgcgaaagcattcgccaagaatgttttctttaatcaagagcgaaagtcagaggttcg","OTU_3796","Low","7726","Eukaryota","Chordata","Ascidiacea","Stolidobranchia","Styelidae","Styela","Styela plicata"
"OTU_3826",0,0,0,0,0,0,0,0,0,0,0,0,0,0,0,0,0,0,0,0,0,0,0,0,0,0,0,0,0,0,0,0.000119503463110775,0,0,0,0,0,0,0,"agccgcggtaattccagctccaacagtgtatgctaaagttgttgcggttgaaaagctcgtagttggattttgggtgggcgcagtcggtccgtcgcagggcgtgttactggctgcgctcgccttgccgtcggttctccgccggtgctcttgactgagtgtcggcggtggccgagaagtttactttgaaaaaattagagtgttcaaagcaggctgctcgcctgaatagtgttgcatggaataatggaataggacctcggttctattttgttggttttcggagcgcgaggtaatgattaagagggacagacgggggcgtccgtactctgccgttagaggtgaaattcttggatcggcggaagacgaactactgcgaaagcattcgccaagaatgttttctttaatcaagagcgaaagtcagaggttcg","OTU_3826","High-MH","None","Eukaryota","Chordata","Ascidiacea","Stolidobranchia","Styelidae",NA,NA
"OTU_3862",0,0,0,0,0,0,0,0,0,0,0,0,0,0,0,0,0,2.10717070189856e-05,0,0,0,3.48803603639516e-05,1.21747811583087e-05,3.95301837659418e-05,0,0,0,0,0,0,4.2025635637739e-05,2.48965548147447e-05,3.02509314765984e-05,0,0,0,0,0,0,"agccgcggtaattccagctccaaaagtgtatatttaagttgttgcggttgaaaagctcgtagttggattttgggcgcaggcgcgcggtccgtcgcaaggcgtgcactgcgcgtcctggcctcacccctggtgctccgccggtgcccttgactgggtgtcggcggcggccgggacgtttactttgaaaaaattagagtgttcaaagcaggcggttcgcctgaataatggtgcatggaataatggaataggacctcggttctattttgttggttttcggagcgcgaggtaatgattaagagggacggacgggggcattcgtactgtgccgctagaggtgaaattcttggatcggcgcaagacgaacaactgcgaaagcatttgccaagaatgttttctttaatcaagagcgaaagtcagaggttcg","OTU_3862","Low","79730","Eukaryota","Chordata","Ascidiacea","Enterogona","Ascidiidae","Ascidia","Ascidia sydneiensis"
"OTU_4064",0,0,0,0,0,0,0,0,0,0,0,0,0,0,0,8.27040930255638e-05,3.96487124080646e-05,5.79471943022104e-05,0,0,0,0,0,0,0,0,0,0,0,0,0,0,0,0,0,0,0,0,0,"agccgcggtaattccagctccaacagtgtatgctaaagttgttgcggttgaaaagctcgtagttggattttgggcgagcgcagccggtccgtcgcagggcgtgttactggttgcgttcgcctcaccttcggttctccgtcggtgctcttgactgagtgtcggcggtggccgataagtttactgctcgcctgcatagtgttgcatggaataatggaataggacctcggttctattttgttggttttcggagcgttggttttcggagcacgaggtaatgtttaagatggacagacgggggcgtccgtactctgccgttagaggtgaaattcttggatcggcggaagacgaactactgcgaaagcattcgccaagaatgttttctttaatcaagagcgaaagtcagaggttcg","OTU_4064","High-MH","None","Eukaryota","Chordata","Ascidiacea","Stolidobranchia","Styelidae","Styela",NA
"OTU_4098",0,0,0,0,0,0,0,0,0,3.29109758104328e-05,3.69477845697841e-05,7.15622798989089e-05,0,0,0,0,0,0,0,0,0,0,0,0,0,0,0,0,0,0,0,0,0,0,0,0,0,0,0,"agccgcggtaattccagctccaacagtgtatgctaaagttgttgcggttgaaaagctcgtagttggatcttgggcgggcgcagtcggtccgtcgcaaggcgtgcacttgctgcgctcgcctcgccttcggttctccgtcggtgctcttgactgagtgtcggcggtggccgataagtttactttgaaaaaattagagtgttcaaagcaggctgctcgcctgaatagtgttgcatggaataatggaataggacctcggttctattttgttggttttcggagcacgaggtaatgattaagagggacagacgggggcgtccgtactctgccgttagaggtgaaattcttggatcggcggaagacgaactactgcgaaagcattcgccaagaatgttttctttaatcaagagcgaaagtcagaggttcg","OTU_4098","High","569430","Eukaryota","Chordata","Ascidiacea","Stolidobranchia","Pyuridae","Halocynthia","Halocynthia spinosa"
"OTU_4253",0,0,0,0,0,0,0,0,0,0,0,0,0,0,0,0,0,0,0,0,0,0,0,0,0,0,0,0,0,0,0,0,0,0,0,0,0,0,0,"agccgcggtaattccagctccaacagtgtatgctaaagttgttgcggttgaaaagctcgtagttggatcttgggtgggtgcggccggtccgtcgcaaggcgtgcactggccgcgctcgcctcgccttcggttctccgtcggtgctcttgactgagtgtcggcggtggccgataagtttactttgaaaaaattagagtgttcaaagcaggctgctcgcctgcatagtgttgcatggaataatggaataggacctcggttctattttgttggttttcggagcacgaggtaatgattaagagagacagacgggggcgtccgtactctgccgttagaggtgaaattcttggatcggcggaagacgaactactgcgaaagcattcgccaagaatgccttctttaatcaagagcgaaagtcagaggttcg","OTU_4253","Low","247438","Eukaryota","Chordata","Ascidiacea","Stolidobranchia","Pyuridae","Halocynthia","Halocynthia pyriformis"
"OTU_4277",0,0,0,0,0,0,0,0,0,0,0,0,0,0,0,7.44336837230074e-05,7.92974248161291e-05,0,0,0,0,0,0,0,0,0,0,0,0,0,0,0,0,0,0,0,0,0,0,"agccgcggtaattccagctccaacagtgtatgctaaagttgttgcggttgaaaagctcgtagttggattttgggcgagcgcagccggtccgtcgcagggcgtgttactggttgcgttcgcctaaccttcggttctccgtcggtgctcttgactgagtgtcggcggtggccgataagtttactttgaaaaaattaaagtgttcaaagcaggctgctcgcctgcatagtgttgcatggaataatggaataggacctcggttctattttgttggttttcggagcacgaggtaatgattaagagggacagacgggggcgtccgtactctgccgttagaggtgaaattcttggatcggcggaagactaactactgcgaaagcattcgccaagaatgttttctttaatcaagagcgaaagtcagaggttcg","OTU_4277","High-MH","None","Eukaryota","Chordata","Ascidiacea","Stolidobranchia","Styelidae","Styela",NA
"OTU_4520",0,0,0,0,0,0,0,0,0,0,0,0,0,0,0,0,7.92974248161291e-05,6.84830478117032e-05,0,0,0,0,0,0,0,0,0,0,0,0,0,0,0,0,0,0,0,0,0,"agccgcggtaattccagctccaacagtgtatgctaaagttgttgcggttgaaaagctcgtagttggattttgggcgagcgcagccggtccgtcgcagggcgtgttactggttgcgttcgcctcaccttcggttctccgtcggtgctcttgactgagtgtcggcggtggccgataagtttactttgaaaaaattagagtgttcaaagcaggctgctcgcctgcatagtgttgcatggaataatggaataggacctcggttctattttgttggttttcggagcacgaggtaatgattaagagggacagacgtgggcgtccgtactctgccgttagaggtgaaattcttggatcggcggaagactaactactgcgaaagcattcgccaagaatgttttctttaatcaagagtgaaagtcagaggttcg","OTU_4520","High-MH","None","Eukaryota","Chordata","Ascidiacea","Stolidobranchia","Styelidae","Styela",NA
"OTU_4755",0,0,0,0,0,0,0,0,0,0,0,0,0,0,0,0,0,0,0,4.42477876106195e-05,7.32118017424409e-05,0,0,0,0,0,0,0,0,0,0,0,0,0,0,0,0,0,0,"agccgcggtaattccagctccaacagtgtatgctaaagttgttgcggttgaaaagctcgtagttggattttgggcgggcgcagccggtccgtcgcagggcgtgttactggttgcgttcgcctcaccttcggttctccgtcggtgctcttgactgagtgtcggcggtggccgataagtttactttgaaaaaattagagtgttcaaagcaggctgctcgcctgcatagtgttgcatggaataatggaataggacctcggttctattttgttggttttcggagcgcgaggtaatgattaagagggacagacgggggcgtccgtactctgccgttagaggtgaaattcttggatcggcggaagacgaactactgcgaaagcattcgccaagaatgttttctttaatcaagagcgaaagtcagaggttcg","OTU_4755","High-MH","None","Eukaryota","Chordata","Ascidiacea","Stolidobranchia","Styelidae",NA,NA
"OTU_4932",0,0,0,0,0,0,0,0,0,0,0,0,0,0,0,0,0,0,0,0,0,0,0,0,0,0,0,0,0,0,0,0,3.52927533893648e-05,3.23638560455683e-05,2.40530128403e-05,1.55333773445691e-05,0,0,0,"ggtaattccagctccaattcagccgcggtaattccagctccaacagtgtatgctaaagttgttgcggttgaaaagctcgtagttggatctagggtgtgcgtcgccggtccgtcgcaaggcgtgtcactggcggcgcgtgccttgccttcggttctccgtcggtgctcttgactgagtgtcggcggtggccgataagtttactttgaaaaaattagagtgttcaaagcaggctgttcgcctgtatagtgttgcatggaataatggaataggacctcggttctattttgttggttttcggagcacgaggtaatgattaagagggacagacgggggcgtccgtactctgccgttagaggtgaaattcttggatcggcggaagacgaactactgcgaaagcattcgccaagaatgttttctttaatcaagagcgaaagtcagaggttcg","OTU_4932","High-MH","None","Eukaryota","Chordata","Ascidiacea","Stolidobranchia","Pyuridae","Pyura",NA
"OTU_5001",0,0,0,0,0,0,0,0,0,0,0,0,0,0,0,0,0,0,0,0,0,0,0,0,0,0,0,0,0,0,0,5.47724205924384e-05,5.54600410404304e-05,0,0,0,0,0,0,"agccgcggtaattccagctccaacagtgtatgctaaagttgttgcggttgaaaagctcgtagttggatattgggcgagcgcggtcggtccgtcgcagggcgtgcactggtcgcgttcgcctcgacttcggttctccgtcggtgctcttgactgagtgtcggcggtggccgagaagtttactttgaaaaaattagagtgttcaaagcaggctggtcgcctgtatagtgttgcatggaataatggaataggacctcggttctattttgttggttttcggaacggaggtaatgattaagagggacagacgggggtgtccgtactctgccgttagaggtgaaattcttggatcggcggaagacgaactactgcgaaagcatttgccgagaatgttttcattagtcaagaacgaaagttagaggttcg","OTU_5001","Low","62808","Eukaryota","Chordata","Ascidiacea","Stolidobranchia","Styelidae","Botrylloides","Botrylloides leachii"
"OTU_5022",0,0,0,0,0,0,0,0,0,0,0,0,0,0,0,0,0,0,0,0,0,0,0,0,0,0,0,0,0,0,0,0,0,0,0,0,0,0,0,"agccgcggtaattccagctccaaaagtgtatatttaagttgttgcggttaaaaagctcgtagttggattttgggctcgggccgtcggtccgtcgcaaggcgtgcactggcgtgcccggcctcacctccggttcaccgtcggtgctcttgattgagtgttggcggcggccggaacgtttactttgaaaaaattagagtgttcaaagcaggcggttcgcctgaataatggtgcatggaataatggaataggacctcggttctattttgttggttttcggagcgcgaggtaatgattaagagggacggacgggggcattcgtactgtgccgttagaggtgaaattcttggatcggcgcaagacgaacgactgcgaaagcatttgccaagaatgttttctttaatcaagagcgaaagtcagaggttcg","OTU_5022","Low","569426","Eukaryota","Chordata","Ascidiacea","Enterogona","Pycnoclavellidae","Pycnoclavella","Pycnoclavella aff. detorta TG-2008"
"OTU_5027",0,0,0,0,0,0,0,0,0,3.29109758104328e-05,0,2.25986147049186e-05,0,0,0,0,0,0,0,0,0,0,0,0,0,0,0,0,0,0,0,0,0,0,0,0,0,0,0,"agccgcggtaattccagctccaacagtgtatgctaaagttgttgcggttgaaaagctcgtagttggatcttgggtgggtgcggccggtccgtcgcaaggcgtgcactggccgcgctcgcctcgccttcggttctccgtcggtgctcttgactgagtgtcggcggtggccgataagtttactttgaaaaaattagagtgttcaaagcaggctgctcgcctgcatagtgttgcatggaataatggaataggacctcggttctattttgttggttttcggagcacgaggtaatgattaagagggacagacgggggcgtccgtactctgccgttagaggtgaaattcttggatcggcggaagacgaactactgcgaaagcattcgccaagaatgttttctttaatcaagagcgaaagtcagaggttcg","OTU_5027","High-MH","None","Eukaryota","Chordata","Ascidiacea","Stolidobranchia","Pyuridae",NA,NA
"OTU_5052",0,0,0,0,0,0,0,0,0,0,0,0,0,0,0,4.54872511640601e-05,4.95608905100807e-05,0,0,0,0,0,0,0,0,0,0,0,0,0,0,0,0,0,0,0,0,0,0,"agccgcggtaattccagctccaacagtgtatgctaaagttgttgcggttgaaaagctcgtagttggattttgggcgagcgcagccggtccgtcgcagggcgtgttactggttgcgttcgcctcaccttcggttctccgtcggtgctcttgactgagtgtcggcggtggccgataagtttactttgaaaaaattagagtgttcaaagcaggctgctcgcctgcatagtgttgcatggaataatggtataatacctcggttctattttgttggttttcggagcacgaggtaatgattaagagggacagacgggggcgtccgtactctgccgttagaggtgaaattcttggatcggcggaagacgaactactgcgaaagcattcgccaagaatgttttctttaatcaagagcgaaagtcagaggttcg","OTU_5052","High-MH","None","Eukaryota","Chordata","Ascidiacea","Stolidobranchia","Styelidae","Styela",NA
"OTU_5224",0,0,0,0,0,0,0,0,0,0,0,0,0,0,0,3.30816372102255e-05,5.45169795610888e-05,0,0,0,0,0,0,0,0,0,0,0,0,0,0,0,0,0,0,0,0,0,0,"agccgcggtaattccagctccaacagtgtatgctaaagttgttgcggttgaaaagctcgtagttggattttgggcgagtgcagccggtccgtcgcagggcgtgttactggttgcgttcgcctcaccttcggttctccatcggtgctcttgactgagtgttggcggtggctgatatgtttactttgaaaaaattagagtgttcaaagcaggctgctcgcctgcatagtgttgcatggaataatggaataggacctcggttctattttgttggttttcggagcacgaggtaatgattaagagggacagacgggggcgtccgtactctgccgttagaggtgaaattcttggatcggcggaagacgaactactgcgaaagcattcgccaagaatgttttctttaatcaagagcgaaagtcagaggttcg","OTU_5224","Low","7726","Eukaryota","Chordata","Ascidiacea","Stolidobranchia","Styelidae","Styela","Styela plicata"
"OTU_5338",0,0,0,0,0,0,0,0,0,0,0,0,0,0,0,0,4.95608905100807e-05,4.21434140379712e-05,0,0,0,0,0,0,0,0,0,0,0,0,0,0,0,0,0,0,0,0,0,"agccgcggtaattccagctccaacagtgtatgctgaagttgttgcggttgaaaagcctgtagttggattttgggcgaccgcagccggtccgtcgcagggcgtgttactggttgcgttcgcctcaccttcggttctccgtcggtgctcttgactgagtgtcggcggtggccgataagtttactttgaaaaaattagagtgttcaaagcaggctgctcgcctgcatagtgttgcatggaataatggaataggacctcggttctattttgttggttttcggagcacgaggtaatgattaagagggacagacgggggcgtccgtactctgccgttagaggtgaaattcttggatcggcggaagacgaactactgcgaaagcattcgccaagaatgttttctttaatcaagagcgaaagtcagaggttcg","OTU_5338","High","7726","Eukaryota","Chordata","Ascidiacea","Stolidobranchia","Styelidae","Styela","Styela plicata"
"OTU_5866",0,0,0,0,0,0,0,0,0,0,0,0,0,0,0,0,0,0,0,0,0,0,0,0,0,3.42847347218651e-05,5.20061367241334e-05,0,0,0,0,0,0,0,0,0,0,0,0,"tgacgcggttattccagctccaaaagtgtatatttaagttgctgcggttaaaaagctcgtagttggattttgggcgcaggcggccggtccgtcgcaaggcgtgcactggccgacctggccttaccttcggttccccgccggtgctcttgactgagtgtcgacggcggccggaacgtttactttgaaaaaattagagtgttcaaagcaggcggctcgcctgaataatggtgcatggaataatggaataggacctcggttctattttgttggttttcggagcgcgaggtaatgattaagagggacagacgggggcattcgtactgtgacgttagaggtgaaatccttggatcggtgcaagactaacgactgcgaaaccatttgccaagaatgttttctttgatcaagagcgaaagtcagaggttcg","OTU_5866","Low","111868","Eukaryota","Chordata","Ascidiacea","Enterogona","Perophoridae","Perophora","Perophora japonica"
