"","BR","DU","EL","HB","KN","MB","PA","PE","RB","SB","SM","SY","TB","seqs","Asignment"
"OTU_218",0.0184374983976607,0,0,0,0,0,0,0,0,0,0,0,0,"gttaagccatattacaagtcactctgggggagctgtagacttagctattttcagcttacacgtatcaggggcaagtagtattttaggggcaattaattttattactactatttttaacatgcgaggacctgggcttttaatgcatagattacctctttttgtttggagcgtcttaatcacagcttttcttctcttgttgtcactaccagtattagcaggagcaattacaatgctattaacagaccggaacttttcaacaagcttttttgacccaagtggaggtggtgatcccattttatatcaacatcttttt","Ascidia ahodori"
"OTU_551",0.000546552150740803,0.000143925791975289,0.00353356723096417,0,0,0,0.000313794311214445,0,0.000442275819443804,0,0,0,0,"gttaagccatattacaagtcactctgggggagctgtagacttagctattttcagcttacacgtatcaggtgcaagtagtattttaggggcaattaattttattactactatttttaacatgcgaggacctgggcttttaatgcatagattacctctttttgtttggagtgtcttaatcacagcttttcttctcttgttgtcactaccagtattagcaggagcaattacaatgctattaacagaccggaacttttcaacaagcttttttgacccaagtggaggtggtgatcccattttatatcaacatcttttt","Ascidia ahodori"
"OTU_635",0.000145952109464082,0,0.00181193719604584,1.38186441146395e-05,0.000135393891864967,0.000241417112303688,0,0.00102200774764875,0.00051148368789782,0,0,0,0,"gttaagccatattacaagtcactctgggggagctgtagacttagctattttcagcttacacgtatcaggtgcaagtagtattttaggggcaattaattttattactactatttttaacatgcgaggacctgggcttttaatgcatagattacctctttttgtttggagcgtcttaatcacagcttttcttctcttgttgtcactaccagtattagcaggagcaattacaatgctattaacagaccggaacttttcaacaagcttttttgacccaagtggaggtggtgatcccattttatatcaacatcttttt","Ascidia ahodori"
"OTU_711",0,0,0,0,0,0,0,0,0.00436737944959831,0,0,0,0,"attgtctagtggtatcgctcattctgggcctgccgtggattgtgctattttttcccttcacttggctggggtttctagtatcctgggttctatgaactttttggttactatgataaatatgaaagttaaggggtttggaatgatagatttgacattgttttgttgatctattgtttttacaacaattttgttggttttatctcttcctgttttagctgctgctattactatgcttttattagaccgtaatattaatacgagtttctttgatcctggtggtaggggagacccaattctatttcaacatttgttt","Perophora viridis"
"OTU_1440",0,0,2.18855495187915e-05,0,0.000436297072533289,0.000141451343646025,0.000347391529669058,0.000198462478956823,0,0,0.000714490878102166,0.00023583026575923,0.000112424993737085,"tttgtcaagaaatttagctcattctggggctgcattagattgtgctattttttcacttcatttggctagggtttctagtattttaaggtctttaaattttataactactttgtttaatataaaagttaagaggtgagggatgttctctatatctctgttttgttgaactgtattagttactactattttgttattattatctttacctgttttagctgcagctattacaatattacttttcgatcgaaattttaatacttctttttttgatccctctgggagaagagatccggttttgtatcagcacttgttt","Botrylloides leachii"
"OTU_1507",0,0,9.18744228803418e-05,0,0.00121485310755117,0,8.92650556042039e-05,0.000487154796048467,9.07392583123339e-05,0,0,0,0,"tttagctgggaatttagcacattcaaggccagcattagatagtgctattttttcactacatttggctagggtttctagtatcttgggtagtttaaattttataactactatatttaatataaaggcaaaaggttggagattatttaatatacctttatttgtatggactgttttagtcacaacggttttattgttattatctttgccagtattagctgcagcaattacaatattgttgtttgatcgtaattttaacacatccttctttgatccagcaggtgggggagatcctatcttatatcaacatttattt","Microcosmus squamiger"
"OTU_1572",0,0,0,0,0,0.00172969038266242,0,0,0.000111545941093611,0,9.51232678647442e-06,0,0,"actagctggaaacctagcccactctgggggagcactagattgtgccattttttccttacatctagctagaatttctagtattttaggttctcttaattttatgactacgatgttcaacataaaaactaagggttgggttatattttcaatacctttattttgttggacagtcttagttactacgttacttttattgttaagtttaccagttttggcggctgccattactatattgttgtttgatcgtaatattaatacttccttttttgatcctgttggaggtagggatcctgttttatatcagcacttattc","Styela plicata"
"OTU_1632",0,0,0.00131797518674354,0,0,0,0,0,0,0,0,0,0,"gttaagccatattacaagtcactctgggggagctgtagatttagctattttcagcttacacgtatcaggtgcaagtagtattttaggggcaattaattttattactactatttttaacatgcgaggacctgggcttttaatgcatagattacctctttttgtttggagtgtcttaatcacagcttttcttctcttgttgtcactaccagtattagcaggagcaattacaatgctattaacagaccggaacttttcaacaagcttttttgacccaagtggaggtggtgatcccattttatatcaacatcttttt","Ascidia ahodori"
"OTU_1679",0,0,0,0,0.000810075361053332,0,0,0,0,0.000147882782639827,0,0,0,"attgtcaagaaatttagctcattctggggctgcattagattgtgctattttttcacttcatttggctagggtttctagtattttaaggtctttaaattttataactactttgtttaatataaaagttaagaggtgagggatgttctccatatctctgttttgttgaactgtattagttactactattttgttattattatctttacctgttttagctgcagctattacaatattacttttcgatcgaaattttaatacttctttttttgatccctctgggagaagagatccggttttgtatcagcacttgttt","Botrylloides"
"OTU_2210",0,0,0,0,0.000203344581230056,0.000994007994361108,0,0,0,0,0,0,0,"actagctggaaacctagcccactctgggggagcactagattgtgccattttttccttacatctagctagaatttctagtattttaggttctcttaattttatgactacgatgttcaacataaaaactaagggttgggttatattttcaatacctttattttgttggacagtcttagttactacgttacttttattgttaagtctaccagttttggcggctgccattactatattgttgtttgatcgtaatattaatacttccttttttgatcctgttggaggtagggatcctgttttatatcagcacttattc","Styela plicata"
"OTU_2469",0,0,0,0,0,0,0,0,0,0,0,0,0.00076862987689167,"tctctcaggtaacttagctcatgcgggcccggctgttgattgtgcaattttttctttacacctggctggtgtttctagtattctcggttctattaatttcttagtgacaatgatgggtatgaaggcgggggggtttagttatttaaacttaagtttattttgctggtctgtaatttttactactattttgttggtgctttctcttccggtgttagctgcagctattactatgcttctttttgatcgtaattttaacacaagtttctttgatcccggtgggaggggggatccaatcctataccagcatttgttt","Ascidiella aspersa"
"OTU_2536",0.000435822014189082,6.09809268408225e-05,0,0,6.28812173803685e-06,0,0.000319765961237678,6.21703179772648e-05,0,0,0,0,0,"tttggcaggtaatttagctcactctaggtctgctttggattgtgctattttttctttacatttagcgagaatttcaagtattttaggttctctgaattttataactactatgtttaatataaaaacaaaaggatgaaatttattttctatacctcttttttgttgaacagttttagtgacaactattctgttgttgttatctttaccggtgctagctgcagctattactatgttgctttttgatcggaattttaatacgactttttttgatcctgcaagaagaagggatccagttttgtatcagcatttgttt","Polyandrocarpa zorritensis"
"OTU_2884",0,0,0,0,0,0,0,0.000797310322806278,0,0,0,0,0,"tttagctgggaatttagcacattcaaggccagcattagatagtgctattttttcactacatttggctagggtttctagtatcttgggtagtttaaattttataactactatatttaatataaaggcaaaaggttggagattatttaatatacctttatttgtatggactgttttagtcacaacggttttattgttgttatctttgccagtattagctgcagcaattacaatattgttgtttgatcgtaattttaacacatccttctttgatccagcaggtgggggagatcctatcttatatcaacatttattt","Microcosmus squamiger"
"OTU_2905",0,0,0,0,0.000783193268790565,0,0,0,0,0,0,0,0,"tttgtcaagaaatttagctcattctggggctgcattagattgtgctattttttcacttcatttggctagggtttctagtattttaaggtctttaaattttataactactttgtttaatataaaagttaagaggtgagggatgttctcgatatctctgttttgttgaactgtattagttactactattttgttattattatctttacctgttttagctgcagctattacaatattacttttcgatcgaaattttaatacttctttttttgatccctctgggagaagagatccggttttgtatcaacacttgttt","Botrylloides"
"OTU_3541",0,0,0,0,0.000374699106713013,0,0,0,0,0,0,0,4.75229572439609e-05,"tctctcaggtaacttagctcatgcgggcccggctgttgattgtgcaattttttctttacacctggctggtgtttctagtattctcggttctattaatttcttagtgacaatgatgggtatgaaggcgggggggtttagttatttaaacttaagtttattttgctggtctgtaatttttactactattttgttggtgctttctcttccggtgttggctgcagctattactatgcttctttttgatcgtaattttaacacaagtttctttgatcccggtgggaggggggatccaatcctataccagcatttgttt","Ascidiella aspersa"
"OTU_4207",0,0,0,0,0,0,0,0,0.000339718213995308,0,0,0,0,"gttaagccatattacaagtcactctgggggagctgtagacttagctattttcagcttacacgtatcaggtgcaagtagtattttaggggcaattaattttattactactatttttaacatgcgaggacctgggcttttaatgcatagattacctctttttgtttggagcgtcttaatcacagcttttcttctcttgttgtcactaccagtattagcaggagcaattacaatgctattaacagaccggaacttttcaacaagcttttttgacccaagtggaggtggagatcccattttatatcaacatcttttt","Ascidia ahodori"
"OTU_4712",0,0,0,0,0,0,0,0,0.000272380244949339,0,0,0,0,"tttggcaggtaatttagctcactctaggtctgctttggattgtgctattttttctttacatttagcgagaatttcaagtattttaggttctctgaattttataactactatgtttaacataaaaacaaaaggatgaaatttattttctatacctcttttttgttgaacagttttagtgacaactattctgttgttgttatctttaccggtgctagctgcagctattactatgttgctttttgatcggaattttaatacgactttttttgatcctgcaagaagaagggatccagttttgtatcagcatttgttt","Polyandrocarpa zorritensis"
"OTU_4962",0,0,0,3.16772872137473e-05,3.38299577869952e-05,0,0,0,0,0,0,0,0.000109740781897634,"attatctgcttttggtgctcacccttctagtgctgttgacataagaattttttcattacatttagcaagagtatctagcattttaagatctataaattttttagtgactttgagaaatataaaaacaaaaagaataagatttttttcttatcctcttttttgttgagctgttttagttactacagtattattagtattatctttacctgttttagcagcagcaattactatattacttttcgatcgtaatttaaatacaagtttttttgatccatctagaagaagagatcctgttctttttcaacatcttttt","Diplosoma listerianum"
"OTU_6292",0,0,0,0,0,0,0.00023261164116516,0,0,0,0,0,0,"tttggcaggtaatttagctcactctaggtctgctttggattgtgctattttttctttacatttagcgagaatttcaagtattttaggttctctgaattttataactactatgtttaacataaaaacaaaaggatgaaatttattttctatacctcttttttgttgaacagttttagtgacaactattctgttgttgttatctttaccggtgctagctgcggctattactatgttgctttttgatcggaattttaatacgactttttttgatcctgcaagaagaagggatccagttttgtatcagcatttgttt","Polyandrocarpa zorritensis"
"OTU_6719",0,0,0,0,0,0,0,0.000140949327162504,0,0,0,0,0,"tttggcaggtaatttagctcactctaggtctgctttggattgtgctattttttctttacatttagcgagaatttcaagtattttaggttctcttaattttataactactatgtttaatataaaaacaaaaggatgaaatttattttctatacctcttttttgttgaacagttttagtgacaactattctgttgttgttatctttaccggtgctagctgcagctattactatgttgctttttgatcggaattttaatacgactttttttgatcctgcaagaagaagggatccagttttgtatcagcatttgttt","Polyandrocarpa zorritensis"
"OTU_6722",0,0,0,0,0,0,0,0,0.000131778636526197,0,0,0,0,"tttatcaaggaatttagctcattccggagctgctttagattgtgctattttctcccttcatttagctagagtttctagtattttaagatctttaaattttataaccactttgtttaatataaaagtaaaaaggtggaggatattttcaatatctttgttctgttgaactgttttagttacgactattttgttacttttatctttacctgttttggctgcagctattacaatgttacttttcgatcgaaattttaacacttccttttttgatccttctaggagaggagatccggttttgtatcagcacttgttt","Botrylloides"
"OTU_6834",0,0,0,0,0,0.000158219253726937,0,0,0,0,0,0,0,"tttagctgggaatttagcacattcaaggccagcattagatagtgctattttttcactacatttggctagagtttctagtatcttgggtagtttaaattttataactactatatttaatataaaggcaaaaggttggagattatttaatatacctttatttgtatggactgttttagtcacaacggttttattgttattatctttgccagtattagctgcagcaattacaatattgttgtttgatcgtaattttaacacatccttctttgatccagcaggtgggggagatcctatcttatatcaacatttattt","Microcosmus squamiger"
"OTU_7057",0,0,0,0,0,0,0,0,0.000120451706234095,0,0,0,0,"tctttctaggaacttagctcattctagggctgcccttgattgtgctattttttctttacatttggcaagggtttctagtattttgagatctttgaattttatgactactttgtttaatataaagagtaaaggatgaaggttatttaatatgtctttgttttgttggactgttttagttactactgtcttgttgcttttgtccttgccggttttggcagctgctattactatgttgttgtttgatcgtaattttaattcttctttttttgatccttctggtggaggagatcctgttctttatcagcatttattt","Symplegma"
"OTU_8180",0,0,0,0,3.1465651446222e-05,0,5.92197794063217e-06,0,0,0,0,0,1.82780604784465e-06,"attatctggcattttagctcatagtagtggggctgtagatataggtattttttctttacatttagctagggtttctagtattttaaggtctataaattttttagttacaataagtaatatgaaattaaaaggttttgattataataatttaagtttattttgttgatctgttgttgtaaccactgttttactggtgctatctctacctgttttagctgctgctattaccatactgctttttgatcgtaatttaaatactagtttttttgatcctataggaaggagagatcctattctttttcaacatttattt","Clavelina lepadiformis"
"OTU_9407",0,0,0,0,0,7.24582549878451e-06,2.36879117625287e-05,9.29314050066794e-06,0,0,1.66465718763302e-05,0,0,"cctttctagaaatctagctcattctagagctgctttggattgtgctattttttctttacatttggctagagtgtctagtattttaagatctcttaactttatgactactttgtttaatataaaggtaaaaggttggggactcttttctatatctttgttttgttgaactgtattggtcactactattttgttattactatctttacctgttttggcagctgctattactatgttattgtttgatcgaaattttaatacttctttttttgacccgtctagagggggggatcctgttttataccaacatttgttt","Botryllus schlosseri"
"OTU_12119",0,0,0,0,0,0,0,0,0,8.49890257920446e-06,0,0,4.14963417399915e-05,"tttatctgcaaatatcagacactctaatactagagttgatatagctattttttctttacatttagctagagtttctagtattttaagatcagttaattttttagttactttatttaatataaaaaataaaagaaaatcaataagtaatttaagtttattttgttgatctttaattgttacaactattttactagtactatcacttcctgttttagctgcagcaattactatattattatttgatcgaaattttaatactacgttctttgatccgaatgggagaagagatccaattttatatcaacatttattt","Ciona robusta"
"OTU_12394",0,0,0,0,0,1.30497639998182e-05,0,0,3.10029378010974e-05,0,0,0,0,"actttctggaaatttggcccattctggggcagcactagattgtgctattttttctcttcatttggcaagagtttctagtattttaaggtcactaaacttcataactactttgtttaatataaaggtgaaaggttggggaatattctctatgcctttattttgttgaactgtcttagtgaccactattttgcttcttttgtccttaccagttttggcggcggccattacaatattacttttcgatcgtaattttaacacttctttttttgacccttctgggagaagggatccggttttgtatcagcatttgttt","Botrylloides giganteus"
