"","BR","DU","EL","HB","KN","MB","PA","PE","RB","SB","SM","SY","TB","seqs","Assignment"
"Zotu202",0.0256618623732671,3.66599028081528e-05,0.00223774028190134,0,3.7599927570877e-05,7.29140343556872e-05,3.75690542687087e-05,0.000203234215176309,0.000234921089275063,0,0,0,0,"gttaagccatattacaagtcactctgggggagctgtagacttagctattttcagcttacacgtatcaggggcaagtagtattttaggggcaattaattttattactactatttttaacatgcgaggacctgggcttttaatgcatagattacctctttttgtttggagcgtcttaatcacagcttttcttctcttgttgtcactaccagtattagcaggagcaattacaatgctattaacagaccggaacttttcaacaagcttttttgacccaagtggaggtggtgatcccattttatatcaacatcttttt","Ascidia ahodori"
"Zotu726",0,0,0,0,0,0,0,4.64657025033397e-06,0.00504797240403939,0,0,0,0,"attgtctagtggtatcgctcattctgggcctgccgtggattgtgctattttttcccttcacttggctggggtttctagtatcctgggttctatgaactttttggttactatgataaatatgaaagttaaggggtttggaatgatagatttgacattgttttgttgatctattgtttttacaacaattttgttggttttatctcttcctgttttagctgctgctattactatgcttttattagaccgtaatattaatacgagtttctttgatcctggtggtaggggagacccaattctatttcaacatttgttt","Perophora viridis"
"Zotu1413",0,0,0.00138973239444326,0,0.00246683985906661,2.5452249457904e-05,0.00014170421974445,5.56269871489323e-05,0,1.15617599357314e-05,0.000148499229693969,6.7071382590942e-05,5.48341814353395e-06,"tttgtcaagaaatttagctcattctggggctgcattagattgtgctattttttcacttcatttggctagggtttctagtattttaaggtctttaaattttataactactttgtttaatataaaagttaagaggtgagggatgttctctatatctctgttttgttgaactgtattagttactactattttgttattattatctttacctgttttagctgcagctattacaatattacttttcgatcgaaattttaatacttctttttttgatccctctgggagaagagatccggttttgtatcagcacttgttt","Botrylloides leachii"
"Zotu1505",0,0,6.53223330524473e-06,0,7.13395740001399e-05,0.000503779581830173,0,0,1.87714196250614e-05,0,0,0,0,"actagctggaaacctagcccactctgggggagcactagattgtgccattttttccttacatctagctagaatttctagtattttaggttctcttaattttatgactacgatgttcaacataaaaactaagggttgggttatattttcaatacctttattttgttggacagtcttagttactacgttacttttattgttaagtttaccagttttggcggctgccattactatattgttgtttgatcgtaatattaatacttccttttttgatcctgttggaggtagggatcctgttttatatcagcacttattc","Styela plicata"
"Zotu2490",0.000730639864412224,0.00023688989408085,0,0,0,0,0.000393599579631032,0.00016452784154714,0.000145364261957578,0,0,0,0,"tttggcaggtaatttagctcactctaggtctgctttggattgtgctattttttctttacatttagcgagaatttcaagtattttaggttctctgaattttataactactatgtttaatataaaaacaaaaggatgaaatttattttctatacctcttttttgttgaacagttttagtgacaactattctgttgttgttatctttaccggtgctagctgcagctattactatgttgctttttgatcggaattttaatacgactttttttgatcctgcaagaagaagggatccagttttgtatcagcatttgttt","Polyandrocarpa zorritensis"
"Zotu2732",0,0,0.000656489447177095,0,0.00023135142281125,0,0,0,0,0,0,0,0.000433216844815674,"tctctcaggtaacttagctcatgcgggcccggctgttgattgtgcaattttttctttacacctggctggtgtttctagtattctcggttctattaatttcttagtgacaatgatgggtatgaaggcgggggggtttagttatttaaacttaagtttattttgctggtctgtaatttttactactattttgttggtgctttctcttccggtgttagctgcagctattactatgcttctttttgatcgtaattttaacacaagtttctttgatcccggtgggaggggggatccaatcctataccagcatttgttt","Ascidiella aspersa"
"Zotu2771",0,0,0.00126038883829158,0,0.000548731474327983,3.34813829701838e-05,2.43845957552121e-05,0.00125432867506596,1.08401722568473e-05,0,0,0,0,"tttagctgggaatttagcacattcaaggccagcattagatagtgctattttttcactacatttggctagggtttctagtatcttgggtagtttaaattttataactactatatttaatataaaggcaaaaggttggagattatttaatatacctttatttgtatggactgttttagtcacaacggttttattgttgttatctttgccagtattagctgcagcaattacaatattgttgtttgatcgtaattttaacacatccttctttgatccagcaggtgggggagatcctatcttatatcaacatttattt","Microcosmus squamiger"
"Zotu5243",0,0,0,0,1.10167344195833e-05,0,0,0,0,0,0,0,3.03448395077949e-05,"attatctgcttttggtgctcacccttctagtgctgttgacataagaattttttcattacatttagcaagagtatctagcattttaagatctataaattttttagtgactttgagaaatataaaaacaaaaagaataagatttttttcttatcctcttttttgttgagctgttttagttactacagtattattagtattatctttacctgttttagcagcagcaattactatattacttttcgatcgtaatttaaatacaagtttttttgatccatctagaagaagagatcctgttctttttcaacatcttttt","Diplosoma listerianum"
"Zotu7446",0,0,0,0.000166787786368672,0,1.55141491375084e-05,0,0,0,0,0,8.47917514584181e-06,0,"attatctggcattttagctcatagtagtggggctgtagatataggtattttttctttacatttagctagggtttctagtattttaaggtctataaattttttagttacaataagtaatatgaaattaaaaggttttgattataataatttaagtttattttgttgatctgttgttgtaaccactgttttactggtgctatctctacctgttttagctgctgctattaccatactgctttttgatcgtaatttaaatactagtttttttgatcctataggaaggagagatcctattctttttcaacatttattt","Clavelina lepadiformis"
"Zotu8517",0,0,0,0,0,0,0,0,0.000131678670818652,0,0,0,0,"tctttctaggaacttagctcattctagggctgcccttgattgtgctattttttctttacatttggcaagggtttctagtattttgagatctttgaattttatgactactttgtttaatataaagagtaaaggatgaaggttatttaatatgtctttgttttgttggactgttttagttactactgtcttgttgcttttgtccttgccggttttggcagctgctattactatgttgttgtttgatcgtaattttaattcttctttttttgatccttctggtggaggagatcctgttctttatcagcatttattt","Symplegma"
"Zotu9466",0,0,0,0,0,0,0,0,0.000130450796613562,0,0,0,0,"tttatcaaggaatttagctcattccggagctgctttagattgtgctattttctcccttcatttagctagagtttctagtattttaagatctttaaattttataaccactttgtttaatataaaagtaaaaaggtggaggatattttcaatatctttgttctgttgaactgttttagttacgactattttgttacttttatctttacctgttttggctgcagctattacaatgttacttttcgatcgaaattttaacacttccttttttgatccttctaggagaggagatccggttttgtatcagcacttgttt","Botrylloides nigrum"
"Zotu11237",0,0,0,0,7.23133999874238e-05,0,0,0,6.115759088018e-06,0,0,0,0,"actttctggaaatttggcccattctggggcagcactagattgtgctattttttctcttcatttggcaagagtttctagtattttaaggtcactaaacttcataactactttgtttaatataaaggtgaaaggttggggaatattctctatgcctttattttgttgaactgtcttagtgaccactattttgcttcttttgtccttaccagttttggcggcggccattacaatattacttttcgatcgtaattttaacacttctttttttgacccttctgggagaagggatccggttttgtatcagcatttgttt","Botrylloides giganteus"
"Zotu11569",0,0,0,2.97261489352987e-05,6.60252782493869e-05,2.39072018054719e-05,5.92197794063217e-06,0,0,0,4.75616339323721e-06,0,1.82780604784465e-06,"cctttctagaaatctagctcattctagagctgctttggattgtgctattttttctttacatttggctagagtgtctagtattttaagatctcttaactttatgactactttgtttaatataaaggtaaaaggttggggactcttttctatatctttgttttgttgaactgtattggtcactactattttgttattactatctttacctgttttggcagctgctattactatgttattgtttgatcgaaattttaatacttctttttttgacccgtctagagggggggatcctgttttataccaacatttgttt","Botryllus schlosseri"
"Zotu14060",0,0,0,0,0,0,0,0,0,3.44646761726807e-05,0,0,0,"tttatctgcaaatatcagacactctaatactagagttgatatagctattttttctttacatttagctagagtttctagtattttaagatcagttaattttttagttactttatttaatataaaaaataaaagaaaatcaataagtaatttaagtttattttgttgatctttaattgttacaactattttactagtactatcacttcctgttttagctgcagcaattactatattattatttgatcgaaattttaatactacgttctttgatccgaatgggagaagagatccaattttatatcaacatttattt","Ciona robusta"
