"","L.BR1","L.BR2","L.BR3","L.DU1","L.DU2","L.DU3","L.EL1","L.EL2","L.EL3","L.HB1","L.HB2","L.HB3","L.KN1","L.KN2","L.KN3","L.MB1","L.MB2","L.MB3","L.PA1","L.PA2","L.PA3","L.PE1","L.PE2","L.PE3","L.RB1","L.RB2","L.RB3","L.SB1","L.SB2","L.SB3","L.SM1","L.SM2","L.SM3","L.SY1","L.SY2","L.SY3","L.TB1","L.TB2","L.TB3","seqs","OTU","assignmentQual","taxID","superkingdom","phylum","class","order","family","genus","species"
"OTU_218",0.0183902219218204,0.0189792858139211,0.0179429874572406,0,0,0,0,0,0,0,0,0,0,0,0,0,0,0,0,0,0,0,0,0,0,0,0,0,0,0,0,0,0,0,0,0,0,0,0,"gttaagccatattacaagtcactctgggggagctgtagacttagctattttcagcttacacgtatcaggggcaagtagtattttaggggcaattaattttattactactatttttaacatgcgaggacctgggcttttaatgcatagattacctctttttgtttggagcgtcttaatcacagcttttcttctcttgttgtcactaccagtattagcaggagcaattacaatgctattaacagaccggaacttttcaacaagcttttttgacccaagtggaggtggtgatcccattttatatcaacatcttttt","OTU_218","High","223366","Eukaryota","Chordata","Ascidiacea","Enterogona","Ascidiidae","Ascidia","Ascidia ahodori"
"OTU_551",0.000443562014193984,0.00056667596596457,0.000629418472063854,0.00014837098886706,0.000156668871635971,0.000126737515422837,0.00348800945455739,0.00342942248525348,0.00368326975308164,0,0,0,0,0,0,0,0,0,0.000332327120662439,0.000293137908061292,0.000315917904919604,0,0,0,0.000412813738441215,0.0004462968161761,0.000467716903714097,0,0,0,0,0,0,0,0,0,0,0,0,"gttaagccatattacaagtcactctgggggagctgtagacttagctattttcagcttacacgtatcaggtgcaagtagtattttaggggcaattaattttattactactatttttaacatgcgaggacctgggcttttaatgcatagattacctctttttgtttggagtgtcttaatcacagcttttcttctcttgttgtcactaccagtattagcaggagcaattacaatgctattaacagaccggaacttttcaacaagcttttttgacccaagtggaggtggtgatcccattttatatcaacatcttttt","OTU_551","High","223366","Eukaryota","Chordata","Ascidiacea","Enterogona","Ascidiidae","Ascidia","Ascidia ahodori"
"OTU_635",0,0,0.000437856328392246,0,0,0,0.00197790653776078,0.0014305590938486,0.00202734595652813,0,0,4.14559323439184e-05,0.000103754008677608,0.000140463363849688,0.000161964303067604,0.000251025618957455,0.000223244738245544,0.000249980979708066,0,0,0,0.00107602473422189,0.000975779752570134,0.00101421875615424,0.000477029208865404,0.000554271852347737,0.000503150002480317,0,0,0,0,0,0,0,0,0,0,0,0,"gttaagccatattacaagtcactctgggggagctgtagacttagctattttcagcttacacgtatcaggtgcaagtagtattttaggggcaattaattttattactactatttttaacatgcgaggacctgggcttttaatgcatagattacctctttttgtttggagcgtcttaatcacagcttttcttctcttgttgtcactaccagtattagcaggagcaattacaatgctattaacagaccggaacttttcaacaagcttttttgacccaagtggaggtggtgatcccattttatatcaacatcttttt","OTU_635","High","223366","Eukaryota","Chordata","Ascidiacea","Enterogona","Ascidiidae","Ascidia","Ascidia ahodori"
"OTU_711",0,0,0,0,0,0,0,0,0,0,0,0,0,0,0,0,0,0,0,0,0,0,0,0,0.00416483193894026,0.00463572821963562,0.00430157819021905,0,0,0,0,0,0,0,0,0,0,0,0,"attgtctagtggtatcgctcattctgggcctgccgtggattgtgctattttttcccttcacttggctggggtttctagtatcctgggttctatgaactttttggttactatgataaatatgaaagttaaggggtttggaatgatagatttgacattgttttgttgatctattgtttttacaacaattttgttggttttatctcttcctgttttagctgctgctattactatgcttttattagaccgtaatattaatacgagtttctttgatcctggtggtaggggagacccaattctatttcaacatttgttt","OTU_711","High","201964","Eukaryota","Chordata","Ascidiacea","Enterogona","Perophoridae","Perophora","Perophora viridis"
"OTU_1440",0,0,0,0,0,0,6.56566485563744e-05,0,0,0,0,0,0.000481041312959819,0.00036355223584625,0.000464297668793798,6.45494448747741e-05,0.000272854680077888,8.69499059854142e-05,0.000318480157301504,0.000364201643348879,0.000359492788356791,0.000243898939756962,0.000174246384387524,0.000177242112725984,0,0,0,0,0,0,0.000739877550265431,0.000656350548266735,0.000747244535774332,0.000241656491656492,0.000194826471604042,0.000271007834017155,0.000127218370332676,6.85427267941744e-05,0.000141513884084405,"tttgtcaagaaatttagctcattctggggctgcattagattgtgctattttttcacttcatttggctagggtttctagtattttaaggtctttaaattttataactactttgtttaatataaaagttaagaggtgagggatgttctctatatctctgttttgttgaactgtattagttactactattttgttattattatctttacctgttttagctgcagctattacaatattacttttcgatcgaaattttaatacttctttttttgatccctctgggagaagagatccggttttgtatcagcacttgttt","OTU_1440","High","62808","Eukaryota","Chordata","Ascidiacea","Stolidobranchia","Styelidae","Botrylloides","Botrylloides leachii"
"OTU_1507",0,0,0,0,0,0,5.74495674868276e-05,0.000117580199494405,0.000100593501659793,0,0,0,0.00103754008677608,0.00146247149419969,0.00114454774167773,0,0,0,0.000152316596970284,0.000115478569842327,0,0.000502144875970216,0.000466980310158564,0.000492339202016621,0.000100910024952297,7.91816931925339e-05,9.21260567921707e-05,0,0,0,0,0,0,0,0,0,0,0,0,"tttagctgggaatttagcacattcaaggccagcattagatagtgctattttttcactacatttggctagggtttctagtatcttgggtagtttaaattttataactactatatttaatataaaggcaaaaggttggagattatttaatatacctttatttgtatggactgttttagtcacaacggttttattgttattatctttgccagtattagctgcagcaattacaatattgttgtttgatcgtaattttaacacatccttctttgatccagcaggtgggggagatcctatcttatatcaacatttattt","OTU_1507","High","439822","Eukaryota","Chordata","Ascidiacea","Stolidobranchia","Pyuridae","Microcosmus","Microcosmus squamiger"
"OTU_1572",0,0,0,0,0,0,0,0,0,0,0,0,0,0,0,0.00185041741974352,0.00177355542050627,0.00156509830773745,0,0,0,0,0,0,0.00018347277264054,0.000151165050640292,0,0,0,0,0,2.85369803594233e-05,0,0,0,0,0,0,0,"actagctggaaacctagcccactctgggggagcactagattgtgccattttttccttacatctagctagaatttctagtattttaggttctcttaattttatgactacgatgttcaacataaaaactaagggttgggttatattttcaatacctttattttgttggacagtcttagttactacgttacttttattgttaagtttaccagttttggcggctgccattactatattgttgtttgatcgtaatattaatacttccttttttgatcctgttggaggtagggatcctgttttatatcagcacttattc","OTU_1572","High","7726","Eukaryota","Chordata","Ascidiacea","Stolidobranchia","Styelidae","Styela","Styela plicata"
"OTU_1632",0,0,0,0,0,0,0.00141161794396205,0.00123459209469125,0.00130771552157731,0,0,0,0,0,0,0,0,0,0,0,0,0,0,0,0,0,0,0,0,0,0,0,0,0,0,0,0,0,0,"gttaagccatattacaagtcactctgggggagctgtagatttagctattttcagcttacacgtatcaggtgcaagtagtattttaggggcaattaattttattactactatttttaacatgcgaggacctgggcttttaatgcatagattacctctttttgtttggagtgtcttaatcacagcttttcttctcttgttgtcactaccagtattagcaggagcaattacaatgctattaacagaccggaacttttcaacaagcttttttgacccaagtggaggtggtgatcccattttatatcaacatcttttt","OTU_1632","High","223366","Eukaryota","Chordata","Ascidiacea","Enterogona","Ascidiidae","Ascidia","Ascidia ahodori"
"OTU_1679",0,0,0,0,0,0,0,0,0,0,0,0,0.000867760799849085,0.000925405691245001,0.000637059592065909,0,0,0,0,0,0,0,0,0,0,0,0,0.000140231892556874,0.000151679652573764,0.000151736802788845,0,0,0,0,0,0,0,0,0,"attgtcaagaaatttagctcattctggggctgcattagattgtgctattttttcacttcatttggctagggtttctagtattttaaggtctttaaattttataactactttgtttaatataaaagttaagaggtgagggatgttctccatatctctgttttgttgaactgtattagttactactattttgttattattatctttacctgttttagctgcagctattacaatattacttttcgatcgaaattttaatacttctttttttgatccctctgggagaagagatccggttttgtatcagcacttgttt","OTU_1679","High","62808","Eukaryota","Chordata","Ascidiacea","Stolidobranchia","Styelidae","Botrylloides","Botrylloides leachii"
"OTU_2210",0,0,0,0,0,0,0,0,0,0,0,0,0.000188643652141105,0.000421390091549063,0,0.00100410247582982,0.00114102866214389,0.000836892845109611,0,0,0,0,0,0,0,0,0,0,0,0,0,0,0,0,0,0,0,0,0,"actagctggaaacctagcccactctgggggagcactagattgtgccattttttccttacatctagctagaatttctagtattttaggttctcttaattttatgactacgatgttcaacataaaaactaagggttgggttatattttcaatacctttattttgttggacagtcttagttactacgttacttttattgttaagtctaccagttttggcggctgccattactatattgttgtttgatcgtaatattaatacttccttttttgatcctgttggaggtagggatcctgttttatatcagcacttattc","OTU_2210","High","7726","Eukaryota","Chordata","Ascidiacea","Stolidobranchia","Styelidae","Styela","Styela plicata"
"OTU_2469",0,0,0,0,0,0,0,0,0,0,0,0,0,0,0,0,0,0,0,0,0,0,0,0,0,0,0,0,0,0,0,0,0,0,0,0,0.000901130123189789,0.000477057378487454,0.000927702128997767,"tctctcaggtaacttagctcatgcgggcccggctgttgattgtgcaattttttctttacacctggctggtgtttctagtattctcggttctattaatttcttagtgacaatgatgggtatgaaggcgggggggtttagttatttaaacttaagtttattttgctggtctgtaatttttactactattttgttggtgctttctcttccggtgttagctgcagctattactatgcttctttttgatcgtaattttaacacaagtttctttgatcccggtgggaggggggatccaatcctataccagcatttgttt","OTU_2469","High","201961","Eukaryota","Chordata","Ascidiacea","Enterogona","Ascidiidae","Ascidiella","Ascidiella aspersa"
"OTU_2536",0.000408358679734144,0.000479495048123867,0.000419612314709236,9.72085789129011e-05,0,8.57342016095664e-05,0,0,0,0,0,0,1.88643652141105e-05,0,0,0,0,0,0.000263092303857764,0.000293137908061292,0.000403067671793978,0.000186510953931794,0,0,0,0,0,0,0,0,0,0,0,0,0,0,0,0,0,"tttggcaggtaatttagctcactctaggtctgctttggattgtgctattttttctttacatttagcgagaatttcaagtattttaggttctctgaattttataactactatgtttaatataaaaacaaaaggatgaaatttattttctatacctcttttttgttgaacagttttagtgacaactattctgttgttgttatctttaccggtgctagctgcagctattactatgttgctttttgatcggaattttaatacgactttttttgatcctgcaagaagaagggatccagttttgtatcagcatttgttt","OTU_2536","High","581059","Eukaryota","Chordata","Ascidiacea","Stolidobranchia","Styelidae","Polyandrocarpa","Polyandrocarpa zorritensis"
"OTU_2884",0,0,0,0,0,0,0,0,0,0,0,0,0,0,0,0,0,0,0,0,0,0.000760390812183469,0.000794563512807109,0.000836976643428256,0,0,0,0,0,0,0,0,0,0,0,0,0,0,0,"tttagctgggaatttagcacattcaaggccagcattagatagtgctattttttcactacatttggctagggtttctagtatcttgggtagtttaaattttataactactatatttaatataaaggcaaaaggttggagattatttaatatacctttatttgtatggactgttttagtcacaacggttttattgttgttatctttgccagtattagctgcagcaattacaatattgttgtttgatcgtaattttaacacatccttctttgatccagcaggtgggggagatcctatcttatatcaacatttattt","OTU_2884","High","439822","Eukaryota","Chordata","Ascidiacea","Stolidobranchia","Pyuridae","Microcosmus","Microcosmus squamiger"
"OTU_2905",0,0,0,0,0,0,0,0,0,0,0,0,0.000848896434634975,0.000669266615989688,0.000831416755747033,0,0,0,0,0,0,0,0,0,0,0,0,0,0,0,0,0,0,0,0,0,0,0,0,"tttgtcaagaaatttagctcattctggggctgcattagattgtgctattttttcacttcatttggctagggtttctagtattttaaggtctttaaattttataactactttgtttaatataaaagttaagaggtgagggatgttctcgatatctctgttttgttgaactgtattagttactactattttgttattattatctttacctgttttagctgcagctattacaatattacttttcgatcgaaattttaatacttctttttttgatccctctgggagaagagatccggttttgtatcaacacttgttt","OTU_2905","High","62808","Eukaryota","Chordata","Ascidiacea","Stolidobranchia","Styelidae","Botrylloides","Botrylloides leachii"
"OTU_3541",0,0,0,0,0,0,0,0,0,0,0,0,0.000292397660818713,0.000421390091549063,0.000410309567771263,0,0,0,0,0,0,0,0,0,0,0,0,0,0,0,0,0,0,0,0,0,0,0.000142568871731883,0,"tctctcaggtaacttagctcatgcgggcccggctgttgattgtgcaattttttctttacacctggctggtgtttctagtattctcggttctattaatttcttagtgacaatgatgggtatgaaggcgggggggtttagttatttaaacttaagtttattttgctggtctgtaatttttactactattttgttggtgctttctcttccggtgttggctgcagctattactatgcttctttttgatcgtaattttaacacaagtttctttgatcccggtgggaggggggatccaatcctataccagcatttgttt","OTU_3541","High","201961","Eukaryota","Chordata","Ascidiacea","Enterogona","Ascidiidae","Ascidiella","Ascidiella aspersa"
"OTU_4207",0,0,0,0,0,0,0,0,0,0,0,0,0,0,0,0,0,0,0,0,0,0,0,0,0.000440334654337296,0.00030952843702536,0.000269291550623268,0,0,0,0,0,0,0,0,0,0,0,0,"gttaagccatattacaagtcactctgggggagctgtagacttagctattttcagcttacacgtatcaggtgcaagtagtattttaggggcaattaattttattactactatttttaacatgcgaggacctgggcttttaatgcatagattacctctttttgtttggagcgtcttaatcacagcttttcttctcttgttgtcactaccagtattagcaggagcaattacaatgctattaacagaccggaacttttcaacaagcttttttgacccaagtggaggtggagatcccattttatatcaacatcttttt","OTU_4207","High","223366","Eukaryota","Chordata","Ascidiacea","Enterogona","Ascidiidae","Ascidia","Ascidia ahodori"
"OTU_4712",0,0,0,0,0,0,0,0,0,0,0,0,0,0,0,0,0,0,0,0,0,0,0,0,0.000321077352120945,0,0.000496063382727073,0,0,0,0,0,0,0,0,0,0,0,0,"tttggcaggtaatttagctcactctaggtctgctttggattgtgctattttttctttacatttagcgagaatttcaagtattttaggttctctgaattttataactactatgtttaacataaaaacaaaaggatgaaatttattttctatacctcttttttgttgaacagttttagtgacaactattctgttgttgttatctttaccggtgctagctgcagctattactatgttgctttttgatcggaattttaatacgactttttttgatcctgcaagaagaagggatccagttttgtatcagcatttgttt","OTU_4712","High","581059","Eukaryota","Chordata","Ascidiacea","Stolidobranchia","Styelidae","Polyandrocarpa","Polyandrocarpa zorritensis"
"OTU_4962",0,0,0,0,0,0,0,0,0,4.76536532481921e-05,0,4.73782083930496e-05,1.88643652141105e-05,8.26255081468751e-05,0,0,0,0,0,0,0,0,0,0,0,0,0,0,0,0,0,0,0,0,0,0,8.48122468884507e-05,0.000134343744516582,0.000110066354287871,"attatctgcttttggtgctcacccttctagtgctgttgacataagaattttttcattacatttagcaagagtatctagcattttaagatctataaattttttagtgactttgagaaatataaaaacaaaaagaataagatttttttcttatcctcttttttgttgagctgttttagttactacagtattattagtattatctttacctgttttagcagcagcaattactatattacttttcgatcgtaatttaaatacaagtttttttgatccatctagaagaagagatcctgttctttttcaacatcttttt","OTU_4962","High","168635","Eukaryota","Chordata","Ascidiacea","Enterogona","Didemnidae","Diplosoma","Diplosoma listerianum"
"OTU_6292",0,0,0,0,0,0,0,0,0,0,0,0,0,0,0,0,0,0,0.000484643717632723,0.000213191205862758,0,0,0,0,0,0,0,0,0,0,0,0,0,0,0,0,0,0,0,"tttggcaggtaatttagctcactctaggtctgctttggattgtgctattttttctttacatttagcgagaatttcaagtattttaggttctctgaattttataactactatgtttaacataaaaacaaaaggatgaaatttattttctatacctcttttttgttgaacagttttagtgacaactattctgttgttgttatctttaccggtgctagctgcggctattactatgttgctttttgatcggaattttaatacgactttttttgatcctgcaagaagaagggatccagttttgtatcagcatttgttt","OTU_6292","High","581059","Eukaryota","Chordata","Ascidiacea","Stolidobranchia","Styelidae","Polyandrocarpa","Polyandrocarpa zorritensis"
"OTU_6719",0,0,0,0,0,0,0,0,0,0,0,0,0,0,0,0,0,0,0,0,0,0,0.00021606551664053,0.000206782464846981,0,0,0,0,0,0,0,0,0,0,0,0,0,0,0,"tttggcaggtaatttagctcactctaggtctgctttggattgtgctattttttctttacatttagcgagaatttcaagtattttaggttctcttaattttataactactatgtttaatataaaaacaaaaggatgaaatttattttctatacctcttttttgttgaacagttttagtgacaactattctgttgttgttatctttaccggtgctagctgcagctattactatgttgctttttgatcggaattttaatacgactttttttgatcctgcaagaagaagggatccagttttgtatcagcatttgttt","OTU_6719","High","581059","Eukaryota","Chordata","Ascidiacea","Stolidobranchia","Styelidae","Polyandrocarpa","Polyandrocarpa zorritensis"
"OTU_6722",0,0,0,0,0,0,0,0,0,0,0,0,0,0,0,0,0,0,0,0,0,0,0,0,0.000110083663584324,0.000115173371916413,0.000170078874077854,0,0,0,0,0,0,0,0,0,0,0,0,"tttatcaaggaatttagctcattccggagctgctttagattgtgctattttctcccttcatttagctagagtttctagtattttaagatctttaaattttataaccactttgtttaatataaaagtaaaaaggtggaggatattttcaatatctttgttctgttgaactgttttagttacgactattttgttacttttatctttacctgttttggctgcagctattacaatgttacttttcgatcgaaattttaacacttccttttttgatccttctaggagaggagatccggttttgtatcagcacttgttt","OTU_6722","High","1256663","Eukaryota","Chordata","Ascidiacea","Stolidobranchia","Styelidae","Botrylloides","Botrylloides nigrum"
"OTU_6834",0,0,0,0,0,0,0,0,0,0,0,0,0,0,0,0.000172131852999398,0.000161232310955115,0.000141293597226298,0,0,0,0,0,0,0,0,0,0,0,0,0,0,0,0,0,0,0,0,0,"tttagctgggaatttagcacattcaaggccagcattagatagtgctattttttcactacatttggctagagtttctagtatcttgggtagtttaaattttataactactatatttaatataaaggcaaaaggttggagattatttaatatacctttatttgtatggactgttttagtcacaacggttttattgttattatctttgccagtattagctgcagcaattacaatattgttgtttgatcgtaattttaacacatccttctttgatccagcaggtgggggagatcctatcttatatcaacatttattt","OTU_6834","High","439822","Eukaryota","Chordata","Ascidiacea","Stolidobranchia","Pyuridae","Microcosmus","Microcosmus squamiger"
"OTU_7057",0,0,0,0,0,0,0,0,0,0,0,0,0,0,0,0,0,0,0,0,0,0,0,0,0.000110083663584324,0.000208751736598498,4.25197185194634e-05,0,0,0,0,0,0,0,0,0,0,0,0,"tctttctaggaacttagctcattctagggctgcccttgattgtgctattttttctttacatttggcaagggtttctagtattttgagatctttgaattttatgactactttgtttaatataaagagtaaaggatgaaggttatttaatatgtctttgttttgttggactgttttagttactactgtcttgttgcttttgtccttgccggttttggcagctgctattactatgttgttgtttgatcgtaattttaattcttctttttttgatccttctggtggaggagatcctgttctttatcagcatttattt","OTU_7057","Low","1656920","Eukaryota","Chordata","Ascidiacea","Stolidobranchia","Styelidae","Symplegma","Symplegma brakenhielmi"
"OTU_8180",0,0,0,0,0,0,0,0,0,0,0,0,2.82965478211658e-05,6.61004065175001e-05,0,0,0,0,0,1.77659338218965e-05,0,0,0,0,0,0,0,0,0,0,0,0,0,0,0,0,0,5.48341814353395e-06,0,"attatctggcattttagctcatagtagtggggctgtagatataggtattttttctttacatttagctagggtttctagtattttaaggtctataaattttttagttacaataagtaatatgaaattaaaaggttttgattataataatttaagtttattttgttgatctgttgttgtaaccactgttttactggtgctatctctacctgttttagctgctgctattaccatactgctttttgatcgtaatttaaatactagtttttttgatcctataggaaggagagatcctattctttttcaacatttattt","OTU_8180","High","159417","Eukaryota","Chordata","Ascidiacea","Enterogona","Clavelinidae","Clavelina","Clavelina lepadiformis"
"OTU_9407",0,0,0,0,0,0,0,0,0,0,0,0,0,0,0,0,0,2.17374764963535e-05,0,7.10637352875861e-05,0,0,2.78794215020038e-05,0,0,0,0,0,0,0,0,4.99397156289907e-05,0,0,0,0,0,0,0,"cctttctagaaatctagctcattctagagctgctttggattgtgctattttttctttacatttggctagagtgtctagtattttaagatctcttaactttatgactactttgtttaatataaaggtaaaaggttggggactcttttctatatctttgttttgttgaactgtattggtcactactattttgttattactatctttacctgttttggcagctgctattactatgttattgtttgatcgaaattttaatacttctttttttgacccgtctagagggggggatcctgttttataccaacatttgttt","OTU_9407","High","30301","Eukaryota","Chordata","Ascidiacea","Stolidobranchia","Styelidae","Botryllus","Botryllus schlosseri"
"OTU_12119",0,0,0,0,0,0,0,0,0,0,0,0,0,0,0,0,0,0,0,0,0,0,0,0,0,0,0,2.54967077376134e-05,0,0,0,0,0,0,0,0,6.3609185166338e-05,1.37085453588349e-05,4.71712946948017e-05,"tttatctgcaaatatcagacactctaatactagagttgatatagctattttttctttacatttagctagagtttctagtattttaagatcagttaattttttagttactttatttaatataaaaaataaaagaaaatcaataagtaatttaagtttattttgttgatctttaattgttacaactattttactagtactatcacttcctgttttagctgcagcaattactatattattatttgatcgaaattttaatactacgttctttgatccgaatgggagaagagatccaattttatatcaacatttattt","OTU_12119","High-MH","None","Eukaryota","Chordata","Ascidiacea","Enterogona","Cionidae","Ciona",NA
"OTU_12394",0,0,0,0,0,0,0,0,0,0,0,0,0,0,0,1.43443210832831e-05,2.48049709161716e-05,0,0,0,0,0,0,0,6.4215470424189e-05,2.87933429791032e-05,0,0,0,0,0,0,0,0,0,0,0,0,0,"actttctggaaatttggcccattctggggcagcactagattgtgctattttttctcttcatttggcaagagtttctagtattttaaggtcactaaacttcataactactttgtttaatataaaggtgaaaggttggggaatattctctatgcctttattttgttgaactgtcttagtgaccactattttgcttcttttgtccttaccagttttggcggcggccattacaatattacttttcgatcgtaattttaacacttctttttttgacccttctgggagaagggatccggttttgtatcagcatttgttt","OTU_12394","High","2034436","Eukaryota","Chordata","Ascidiacea","Stolidobranchia","Styelidae","Botrylloides","Botrylloides giganteus"
