seqs,OTU,assignmentQual,taxID,superkingdom,phylum,class,order,family,genus,species,Safe assign,CheckedTax,"Notes (Check on 29.10,100% match with genus 1bp diff)"
agccgcggtaattccagctccaacagtgtatgctaaagttgttgcggttgaaaagctcgtagttggatctagggtgtgcgccgccggtccgtcgcaaggcgtgtcactggcggcgcgtgccttgccttcggttctccgtcggtgctcttgactgagtgtcggcggtggccgataagtttactttgaaaaaattagagtgttcaaagcaggctgttcgcctgtatagtgttgcatggaataatggaataggacctcggttctattttgttggttttcggagcacgaggtaatgattaagagggacagacgggggcgtccgtactctgccgttagaggtgaaattcttggatcggcggaagacgaactactgcgaaagcattcgccaagaatgttttctttaatcaagagcgaaagtcagaggttcg,OTU_3,High-MH,None,Eukaryota,Chordata,Ascidiacea,Stolidobranchia,Pyuridae,Pyura,NA,Pyura,Pyura hermani,One base different between sto & hermani
agccgcggtaattccagctccaacagtgtatgctaaagttgttgcggttgaaaagctcgtagttggatctagggtgtgcgccgccggtccgtcgcaaggcgtgtcactggcggcgtgtgccttgccttcggttctccgtcggtgctcttgactgagtgtcggcggtggccgataagtttactttgaaaaaattagagtgttcaaagcaggctgttcgcctgtatagtgttgcatggaataatggaataggacctcggttctattttgttggttttcggagcacgaggtaatgattaagagggacagacgggggcgtccgtactctgccgttagaggtgaaattcttggatcggcggaagacgaactactgcgaaagcattcgccaagaatgttttctttaatcaagagcgaaagtcagaggttcg,OTU_7,High-MH,None,Eukaryota,Chordata,Ascidiacea,Stolidobranchia,Pyuridae,Pyura,NA,Pyura,Pyura stolonifera,One base different between sto & hermani
agccgcggtaattccagctccaaaagtgtatatttaagttgttgcggttaaaaagctcgtagttggattttgggctcgggccgtcggtccgtcgcaaggcgtgtactggcgtgcccggcctcaccttcggttcaccgtcggtgctcttgactgagtgttggcggcggccggaacgtttactttgaaaaaattagagtgttcaaagcaggcggttcgcctgaataatggtgcatggaataatggaataggacctcggttctattttgttggttttcggagcgcgaggtaatgattaagagggacggacgggggcattcgtactgtgccgctagaggtgaaattcttggatcggcgcaagacgaacaactgcgaaagcatttgccaagaatgttttctttaatcaagagcgaaagtcagaggttcg,OTU_23,High-MH,None,Eukaryota,Chordata,Ascidiacea,Enterogona,Clavelinidae,Clavelina,NA,Clavelina,Clavelina lepidaformis,Three bases between lep and Indonesian conspecific
agccgcggtaattccagctccaacagtgtatgctaaagttgttgcggttgaaaagctcgtagttggattttgggcgagcgcagccggtccgtcgcagggcgtgttactggttgcgttcgcctcaccttcggttctccgtcggtgctcttgactgagtgtcggcggtggccgataagtttactttgaaaaaattagagtgttcaaagcaggctgctcgcctgcatagtgttgcatggaataatggaataggacctcggttctattttgttggttttcggagcacgaggtaatgattaagagggacagacgggggcgtccgtactctgccgttagaggtgaaattcttggatcggcggaagacgaactactgcgaaagcattcgccaagaatgttttctttaatcaagagcgaaagtcagaggttcg,OTU_24,High-MH,None,Eukaryota,Chordata,Ascidiacea,Stolidobranchia,Styelidae,NA,NA,Styela,Styela plicata,One base different between plicata & conspecific
agccgcggtaattccagctccaacagtgtatgctaaagttgttgcggttgaaaagctcgtagttggatctagggtgtgcgtcgccggtccgtcgcaaggcgtgtcactggcggcgcgtgccttgccttcggttctccgtcggtgctcttgactgagtgtcggcggtggccgataagtttactttgaaaaaattagagtgttcaaagcaggctgttcgcctgtatagtgttgcatggaataatggaataggacctcggttctattttgttggttttcggagcacgaggtaatgattaagagggacagacgggggcgtccgtactctgccgttagaggtgaaattcttggatcggcggaagacgaactactgcgaaagcattcgccaagaatgttttctttaatcaagagcgaaagtcagaggttcg,OTU_26,High-MH,None,Eukaryota,Chordata,Ascidiacea,Stolidobranchia,Pyuridae,Pyura,NA,Pyura,Pyura hermani,One base different between sto & hermani
agccgcggtaattccagctccaatagtgtatgctaaagttgttgcggttgaaaagctcgtagttggattttgggcgggcgcggccggtccgtcgcagggcgtgttactggccgcgtctgcctcaccttcggttctctgtcggtgctcttgactgagtgtcggcggtgtccgataagtttactttgaaaaaattagagtgttcaaagcaggctgctcgcctgaatagtgttgcatggaataatggaataggacctcggttctattttgctggttttcggagcacgaggtaatgattaagagggacagacgggggcgtccgtactctgccgttagaggtgaaattcttggatcggcggaagacgaactactgcgaaagcattcgccaagaatgttttctttaatcaagagcgaaagtcagaggttcg,OTU_31,High-MH,None,Eukaryota,Chordata,Ascidiacea,Stolidobranchia,Styelidae,NA,NA,Asterocarpa,Asterocarpa humulis,100% match but near to conspecifics
agccgcggtaattccagctccaaaagtgtatatttaagttgttgcggttaaaaagctcgtagttggattttgggcgcaggcggccggtccgtcgcaaggcgtgtactggccgtcctggcctcacctccggttctccgccggtgcccttgactgagtgtcggcggcggccggaacgtttactttgaaaaaattagagtgttcaaagcaggcgattcgcctgaataatggtgcatggaataatggaataggacctcggttctattttgttggttttcggagcgcgaggtaatgattaagagggacagacgggggcattcgtactgtgccgttagaggtgaaattcttggatcggcgcaagacgaacgactgcgaaagcatttgccaagaatgttttctttaatcaagagcgaaagtcagaggttcg,OTU_32,High,201961,Eukaryota,Chordata,Ascidiacea,Enterogona,Ascidiidae,Ascidiella,Ascidiella aspersa,Ascidiella,Ascidiella aspersa,Six bases between aspera and sydniensis
agccgcggtaattccagctccaacagtgtatgctaaagttgttgcggttgaaaagctcgtagttggatattgggcgagcgcggtcggtccgtcgcagggcgtgcactggtcgcgttcgcctcgacttcggttctccgtcggtgctcttgactgagtgtcggcggtggccgagaagtttactttgaaaaaattagagtgttcaaagcaggctggtcgcctgtatagtgttgcatggaataatggaataggacctcggttctattttgttggttttcggaacggaggtaatgattaagagggacagacgggggtgtccgtactctgccgttagaggtgaaattcttggatcggcggaagacgaactactgcgaaagcattcaccaagaatgttttctttaatcaagagcgaaagtcagaggttcg,OTU_35,High-MH,None,Eukaryota,Chordata,Ascidiacea,Stolidobranchia,Styelidae,NA,NA,Botrylloides,Botrylloides leachi,One base different between leachi and violaceum
agccgcggtaattccagctccaaaagtgtatgctaaagttgttgcggttgaaaagctcgtagttggatattgggcgagcgcggtcggtccgtcgcagggcgtgcactggtcgcgttcgcctcggcttcggttctccgtcggtgctcttgactgagtgtcggcggtggccgagaagtttactttgaaaaaattagagtgttcaaagcaggctggtcgcctgaatagtgttgcatggaataatggaataggacctcggttctattttgttggttttctgaacggaggtaatgattaagagggacagacgggggcgtccgtactctgccgttagaggtgaaattcttggatcggcggaagacgaactactgcgaaagcattcgccaagaatgttttctttaatcaagagcgaaagtcagaggttcg,OTU_37,Low,581057,Eukaryota,Chordata,Ascidiacea,Stolidobranchia,Styelidae,Botrylloides,Botrylloides violaceus,Botrylloides,NA,"Five bases to nearest match, unsequenced spp"
agccgcggtaattccagctccaacagtgtatgctaaagttgttgcggttgaaaagctcgtagttggatcttggctgggcgccgccggtccgtcgcaaggcgtgttactggcggcgctctcccccggttttcggttcgcccgatcggtgctcttgactgagtgtcgtcggtggccgatgagattactttgaaaaaattagagtgttcaaagcaggctcctcgcctgaatagtgttgcatggaataatggaataggacctcggttctattttgttggttttcggaacgttgaggtaatgattaagagggacagacgggggcgtccgtactctgccgttagaggtgaaattcttggatcggcggaagacgaactactgcgaaagcattcgccaagaatgttttctttaatcaagagcgaaagtcagaggttcg,OTU_70,High-MH,None,Eukaryota,Chordata,Ascidiacea,Stolidobranchia,Pyuridae,Microcosmus,NA,Microcosmus,Microcosmus squamiger,two bases to exasperatus
agccgcggtaattccagctccaaaagtatatatttaagttgttgcggttgaaaagctcgtagttggattttgggcgcgggcggtcggtccgtcgcgaggcgtgtactggtcgacccggccttacgtccggttctccggcggtgctcttgactgagtgtcggcggcggccggaaagtttactttgaaaaaattagagtgttcaaagcaggctctcgagcctgaataatggtgcatggaataatggaataggacctcggttctattttgttggttttcggagcgcgaggtaatgattaagagggacagacgggggcattcgtactgtgccgttagaggtgaaattcttggatcggcgcaagacgaacgactgcgaaagcatttgccaagaatgttttctttaatcaagagcgaaagtcagaggttcg,OTU_71,High,7719,Eukaryota,Chordata,Ascidiacea,Enterogona,Cionidae,Ciona,Ciona intestinalis,Ciona intestinalis,Ciona intestinalis,>10bp to savignyi
agccgcggtaattccagctccaaaagtgtatatttaagttgttgcggttaaaaagctcgtagttggattttgggcgcaggcgttcggtccgtcgcaaggcgtgcactgttcgttctggctttacctccggttttccgtcggtgctcttgactgagtgtcggcggcggccgggacgtttaccttgaaaaaattagagtgttcaaagcaggcgcttcgcctggatagtgttgcatggaataatgaaataggacctcggttcttttttgttggttttcggagcgcgaggtaatgattaagagggacggacgggggcattcgtactgtgccgttagaggtgaaattcttggatcggcgcaagacgaacgactgcgaaagcatttgccaagaatgttttctttaatcaagagcgaaagtcagaggttcg,OTU_98,High,431183,Eukaryota,Chordata,Ascidiacea,Enterogona,Corellidae,Corella,Corella eumyota,Corella,Corella eumyota,Nothing else from Corella 
agccgcggtaattccagctccaacagtgtatgctaaagttgttgcggttgaaaagctcgtagttggattttgggcgggcgcagccggtccgtcgcagggcgtgttactggttgcgttcgcctcaccttcggttctccgtcggtgctcttgactgagtgtcggcggtggccgataagtttactttgaaaaaattagagtgttcaaagcaggctgctcgcctgcatagtgttgcatggaataatggaataggacctcggttctattttgttggttttcggagcacgaggtaatgattaagagggacagacgggggcgtccgtactctgccgttagaggtgaaattcttggatcggcggaagacgaactactgcgaaagcattcgccaagaatgttttctttaatcaagagcgaaagtcagaggttcg,OTU_168,High-MH,None,Eukaryota,Chordata,Ascidiacea,Stolidobranchia,Styelidae,NA,NA,Styela,Styela gibbsii,Native styelid?
agccgcggtaattccagctccaaaagtgtatatttaagttgttgcggttaaaaagctcgtagttggattttgggcgcaggcggccggtccgtcgcaaggcgtgcactggccgtcctggcctcacccccggttctccgccggtgcccttgactgagtgtcggcggcggccgggacgtttactttgaaaaaattagagtgttcaaagcaggcggttcgcctgaataatggtgcatggaataatggaataggacctcggttctattttgttggttttcggagcgcgaggtaatgattaagagggacggacgggggcattcgtactgtgccgttagaggtgaaattcttggatcggcgcaagacgaacgactgcgaaagcatttgccaagaatgttttctttaatcaagagcgaaagtcagaggttcg,OTU_184,High,79730,Eukaryota,Chordata,Ascidiacea,Enterogona,Ascidiidae,Ascidia,Ascidia sydneiensis,Ascidia,NA,"One base between query and ref, unknown native ascidia"
agccgcggtaattccagctccaaaagtgtatgctaaagttgttgcggttgaaaagctcgtagttggatatagagctggcgcggccggtccgtcgcagggcgtgcactggtcgcgtcgtctccgccttcggttctccgcgggtgctcttgactgagtgcgcgcggtggccgacaagtttactttgaaaaaattagagtgttcaaagcaggccggtcgcctgcatagtgttgcatggaataatggaataggacctcggttctattttgttggttttcggaagcgaggtaatgattaagagggacagccgggggcgtccgtactctgccgttagaggtgaaattcttggatcggcggaagacgaactactgcgaaagcattcgccaagaatgttttctttaatcaagagcgaaagtcagaggttcg,OTU_204,Low,30301,Eukaryota,Chordata,Ascidiacea,Stolidobranchia,Styelidae,Botryllus,Botryllus schlosseri,NA,NA,Unknown styelidae
agccgcggtaattccagctccaacagtgtatgctaaagttgttgcggttgaaaagctcgtagttggatgttgggcgagcgcggtcggtccgtcgcagggcgtgtactggtcgcgttcgtctcgagcttcggttctccgtcggtgctcttgactgagtgtcggcggtggccgagaagtttactttgaaaaaattagagtgttcaaagcaggctggtcgcctgaatagtgttgcatggaataatggaataggacctcggttctattttgttggttttcggaacggaggtaatgattaagagggacagacgggggtgtccgtactctgccgttagaggtgaaattcttggatcggcggaagacgaactactgcgaaagcattcaccaagaatgttttctttaatcaagagcgaaagtcagaggttcg,OTU_252,High-MH,None,Eukaryota,Chordata,Ascidiacea,Stolidobranchia,Styelidae,NA,NA,NA,NA,Unknown styelidae
agccgcggtaattccagctccaaaagtgtatatttaagttgctgcggttaaaaagctcgtagttggattttgggcgcaggcggccggtccgtcgcaaggcgtgcactggccgacctggccttaccttcggttccccgccggtgctcttgactgagtgtcggcggcggccggaacgtttactttgaaaaaattagagtgttcaaagcaggcggctcgcctgaataatggtgcatggaataatggaataggacctcggttctattttgttggttttcggagcgcgaggtaatgattaagagggacagacgggggcattcgtactgtgccgttagaggtgaaattcttggatcggcgcaagacgaacgactgcgaaagcatttgccaagaatgttttctttaatcaagagcgaaagtcagaggttcg,OTU_259,High-MH,None,Eukaryota,Chordata,Ascidiacea,Enterogona,Perophoridae,NA,NA,NA,NA,Unknown Perophoridae
agccgcggtaattccagctccgaaagtgtatgctaaagttgttgcggttgaaaagctcgtagttggatgtagagcgcgcggcgccggtccgtcgcagggcgtgcaccggcgtcgcgggttccgcctgtcggcgccgcccgcggtgctcttgaccgggtgccgcgggtcgggccgacgagtttactttgaaaaaattagagtgttcaaagcaggccgcccgcctgcatagtgtcgcatggaataacggaataggacctcggtctcgtttcgttggcgttcgcgggagcgaggtaatgattaagagggacggccgggggcgtccgtactctgccgtcagaggtgaaattcttggaccggcggaagacgagcagctgcgaaagcgttcgccaagaacgttttctttaatcaagagcgaaagtcagaggttcg,OTU_288,High,30301,Eukaryota,Chordata,Ascidiacea,Stolidobranchia,Styelidae,Botryllus,Botryllus schlosseri,Botryllus,Botryllus schlosseri,Very likely to be B.schosseri
agccgcggtaattccagctccaacagtgtatgctaaagttgttgcggttgaaaagctcgtagttggatattgggcgagcgcggtcggtccgtcgcagggcgtgcactggtcgcgttcgcctcgacttcggttctctgtcggtgctcttgactgagtgtcggcggtggccgagaagtttactttgaaaaaattagagtgttcaaagcaggctggtcgcctgaatagtgttgcatggaataatggaataggacctcggttctattttgttggttttcggaacggaggtaatgattaagagggacagacgggggtgtccgtactctgccgttagaggtgaaattcttggatcggcggaagacgaactactgcgaaagcattcaccaagaatgttttctttaatcaagagcgaaagtcagaggttcg,OTU_411,High-MH,None,Eukaryota,Chordata,Ascidiacea,Stolidobranchia,Styelidae,NA,NA,Botryllus,NA,100% hit to unidentified species
agccgcggtaattccagctccaacagtgtatgctaaagttgttgcggttgaaaagctcgtagttggattttgggcgggcgcggtcggtccgtcgcagggcgtgtactggccgcgctcgcctcgacgtcggttctccgtcggtgctcttgactgagtgtcggcggtggccgagaagtttactttgaaaaaattagagtgttcaaagcaggctggtcgcctgtatagtgttgcatggaataatggaataggacctcggttctattttgttggttttcggagcgcgaggtaatgattaagagggacagacgggggcgtccgtactctgccgttagaggtgaaattcttggatcggcggaagacgaactactgcgaaagcattcgccaagaatgttttctttaatcaagagcgaaagtcagaggttcg,OTU_412,High,581062,Eukaryota,Chordata,Ascidiacea,Stolidobranchia,Styelidae,Symplegma,Symplegma rubra,Symplegma,NA,100% match but no conspecific data
agccgcggtaattccagctccaacagtgtatgctaaagttgttgcggttgaaaagctcgtagttggattttgggcgagcgcagccggtccgtcgcagggcgtgttactggttgcgttcgcctcaccttcggttctccgtcggtgctcttgactgagtgtcggcggtggccgataagtttactttgaaaaaattagagtgttcaaagcaggctgctcgcctgcatagtgttgcatggaataatggaataggacctcggttctattttgttggttttcggagcacgaggtaatgattaagagggacagacgggggtgtccgtactctgccgttagaggtgaaattcttggatcggcggaagacgaactactgcgaaagcattcgccaagaatgttttctttaatcaagagcgaaagtcagaggttcg,OTU_462,High-MH,None,Eukaryota,Chordata,Ascidiacea,Stolidobranchia,Styelidae,Styela,NA,Styela,NA,UnId styelid?
agccgcggtaattccagctccaaaagtgtatatttaagttgttgcggttgaaaagctcgtagttggattttgggcgcaggcgcgcggtccgtcgcaaggcgtgcactgcgcgtcctggcctcacccctggtgctccgccggtgcccttgactgggtgtcggcggcggccgggacgtttactttgaaaaaattagagtgttcaaagcaggcggttcgcctgaataatggtgcatggaataatggaataggacctcggttctattttgctggttttcggagcgcgaggtaatgattaagagggacggacgggggcattcgtactgtgccgttagaggtgaaattcttggatcggcgcaagacggacgactgcgaaagcatttgccaagaatgttttctttaatcaagagcgaaagtcagaggttcg,OTU_514,Low,79730,Eukaryota,Chordata,Ascidiacea,Enterogona,Ascidiidae,Ascidia,Ascidia sydneiensis,Ascidia,NA,UnId ascidia?
agccgcggtaattccagctccaacagtatatgctaaagttgttgcggttgaaaagctcgtagttggactttgggcgggtgcagctggtccgtcgcagggcgtgttactggctgtgctcgcctcgacttcggttctccgtcggtgctcttgactgagtgtcggcggtggccgagaagtttactttgaaaaaattagagtgttcaaagcaggttcgaatcctgaatagtgttgcatggaataatggaataggacctcggttctattttgttggtttacggagcgcgaggtaatgattaagagggacagacgggggcgtccgtactctgccgttagaggtgaaattcttggatcggcggaagacgaactactgcgaaagcattcgccaagaatgttttctttaatcaagagcgaaagtcagaggttcg,OTU_528,High,581059,Eukaryota,Chordata,Ascidiacea,Stolidobranchia,Styelidae,Polyandrocarpa,Polyandrocarpa zorritensis,Polyandrocarpa,NA,
agccgcggtaattccagctccaacagtgtatgctaaagttgttgcggttgaaaagctcgtagttggattttgggcgagcgcagccggtctgtcgcagggcgtgttactggttgcgttcgcctcaccttcggttctccgtcggtgctcttgactgagtgtcggcggtggccgataagtttactttgaaaaaattagagtgttcaaagcaggctgctcgcctgcatagtgttgcatggaataatggaataggacctcggttctattttgttggttttcggagcacgaggtaatgattaagagggacagacgggggcgtccgtactctgccgttagaggtgaaattcttggatcggcggaagacgaactactgcgaaagcattcgccaagaatgttttctttaatcaagagcgaaagtcagaggttcg,OTU_630,High-MH,None,Eukaryota,Chordata,Ascidiacea,Stolidobranchia,Styelidae,Styela,NA,Styela,NA,UnId styelid?
agccgcggtaattccagctccaacagtgtatgctaaagttgttgcggttgaaaagctcgtagttggattttgggcgagcgcagccggtccgtcgcagggcgtgttactggttgcgttcgcctcaccttcggttctccgtcggtgctcttgactgagtgtcggcggtggccgataagtttactttgaaaaaattagagtgttcaaagcaggctgctcgcctgcatagtgttgcatggaataatggaataggacctcggttctattttgttggttttcggagcacgaggtaatgattaagagggacagacgggggcgtccgtactctgccgttagaggtgaaattcttggatcggcggaagactaactactgcgaaagcattcgccaagaatgttttctttaatcaagagcgaaagtcagaggttcg,OTU_667,High-MH,None,Eukaryota,Chordata,Ascidiacea,Stolidobranchia,Styelidae,Styela,NA,Styela,NA,UnId styelid?
agccgcggtaattccagctccaacagtgtatgctaaagttgttgcggttgaaaagctcgtagttggatcttgggcgggcgcggtcggtccgtcgcagggcgtgcactggtcgcgtccgcctcgccttcggttcttcgtcggtgctcttgactgagtgtcggcggtggccgagaagtttactttgaaaaaattagagtgttcaaagcaggctgttcgcctgtatagtgttgcatggaataatggaataggacctcggttctattttgttggttttcggagcgcgaggtaatgattaagagggacagacgggggcgtccgtactctgccgttagaggtgaaattcttggatcggcggaagacgaactactgcgaaagcattcgccaagaatgttttctttaatcaagagcgaaagtcagaggttcg,OTU_715,High-MH,None,Eukaryota,Chordata,Ascidiacea,Stolidobranchia,Styelidae,Symplegma,NA,Symplegma,Symplegma viride,
agccgcggtaattccagctccaacagtgtatgctaaagttgttgcggttgaaaagctcgtagttggattttgggtgagcgcagccggtccgtcgcagggcgtgttactggttgcgttcgcctcaccttcggttctccgtcggtgctcttgactgagtgtcggcggtggccgataagtttactttgaaaaaattagagtgttcaaagcaggctgctcgcctgcatagtgttgcatggaataatggaataggacctcggttctattttgttggttttcggagcacgaggtaatgattaagagggacagacgggggcgtccgtactctgccgttagaggtgaaattcttggatcggcggaagacgaactactgcgaaagcattcgccaagaatgttttctttaatcaagagcgaaagtcagaggttcg,OTU_768,High-MH,None,Eukaryota,Chordata,Ascidiacea,Stolidobranchia,Styelidae,Styela,NA,Styela,NA,UnId styelid?
agccgcggtaattccagctccaacagtgtatgctaaagttgttgcggttgaaaagctcgtagttggattttgggcgagcgcagccggtccgtcgcagggcgtgttactggttgcgttcgcctcacctttggttctccgtcggtgctcttgactgagtgtcggcggtggccgataagtttactttgaaaaaattagagtgttcaaagcaggctgctcgcctgcatagtgttgcatggaataatggaataggacctcggttctattttgttggttttcggagcacgaggtaatgattaagagggacagacgggggcgtccgtactctgccgttagaggtgaaattcttggatcggcggaagacgaactactgcgaaagcattcgccaagaatgttttctttaatcaagagcgaaagtcagaggttcg,OTU_783,High-MH,None,Eukaryota,Chordata,Ascidiacea,Stolidobranchia,Styelidae,Styela,NA,Styela,NA,UnId styelid?
agccgcggtaattccagctccaacagtgtatgctaaagttgttgcggttgaaaagctcgtagttggattttgggcgagcgcagccggtccgtcgcagggcgtgttactggttgcgttcgcctcaccttcggttctctgtcggtgctcttgactgagtgtcggcggtggccgataagtttactttgaaaaaattagagtgttcaaagcaggctgctcgcctgcatagtgttgcatggaataatggaataggacctcggttctattttgttggttttcggagcacgaggtaatgattaagagggacagacgggggcgtccgtactctgccgttagaggtgaaattcttggatcggcggaagacgaactactgcgaaagcattcgccaagaatgttttctttaatcaagagcgaaagtcagaggttcg,OTU_786,High-MH,None,Eukaryota,Chordata,Ascidiacea,Stolidobranchia,Styelidae,Styela,NA,Styela,NA,UnId styelid?
agccgcggtaattccagctccaacagtgtatgctaaagttgttgcggttgaaaagctcgtagttggattttgggcgagcgcagccggtccgttgcagggcgtgttactggttgcgttcgcctcaccttcggttctccgtcggtgctcttgactgagtgtcggcggtggccgataagtttactttgaaaaaattagagtgttcaaagcaggctgctcgcctgcatagtgttgcatggaataatggaataggacctcggttctattttgttggttttcggagcacgaggtaatgattaagagggacagacgggggcgtccgtactctgccgttagaggtgaaattcttggatcggcggaagacgaactactgcgaaagcattcgccaagaatgttttctttaatcaagagcgaaagtcagaggttcg,OTU_841,High-MH,None,Eukaryota,Chordata,Ascidiacea,Stolidobranchia,Styelidae,Styela,NA,Styela,NA,UnId styelid?
agccgcggtaattccagctccaacagtgtatgctaaagttgttgcggttgaaaagctcgtagttggattttgggcgagcgcagccggtccgtcgcagggcgtgttactggttgcgttcgcctcaccttcggttctccgtcggtgctcttgactgagtgtcggcggtggctgataagtttactttgaaaaaattagagtgttcaaagcaggctgctcgcctgcatagtgttgcatggaataatggaataggacctcggttctattttgttggttttcggagcacgaggtaatgattaagagggacagacgggggcgtccgtactctgccgttagaggtgaaattcttggatcggcggaagacgaactactgcgaaagcattcgccaagaatgttttctttaatcaagagcgaaagtcagaggttcg,OTU_858,High-MH,None,Eukaryota,Chordata,Ascidiacea,Stolidobranchia,Styelidae,Styela,NA,Styela,NA,UnId styelid?
agccgcggtaattccagctccaaaagtgtatgctaaagttgttgcggttgaaaagctcgtagttggatattgggcgagcgcggtcggtccgtcgcagggcgtgtactggtcgcgttcgtctcgagcttcggttctccgtcggtgctcttgactgagtgtcggcggtggccgagaagtttactttgaaaaaattagagtgttcaaagcaggctggtcgcctgaatagtgttgcatggaataatggaataggacctcggttctattttgttggttttcggaacggaggtaatgattaagagggacagacgggggtgtccgtactctgccgttagaggtgaaattcttggatcggcggaagacgaactactgcgaaagcattcaccaagaatgttttctttaatcaagagcgaaagtcagaggttcg,OTU_875,High-MH,None,Eukaryota,Chordata,Ascidiacea,Stolidobranchia,Styelidae,NA,NA,Botryllus,Botryllus schlosseri,
agccgcggtaattccagctccaacagtgtatgctaaagttgttgcggttgaaaagctcgtagttggattttgggcgagcgcagccggtccgtcgcagggcgtgttactggttgcgtttgcctcaccttcggttctccgtcggtgctcttgactgagtgtcggcggtggccgataagtttactttgaaaaaattagagtgttcaaagcaggctgctcgcctgcatagtgttgcatggaataatggaataggacctcggttctattttgttggttttcggagcacgaggtaatgattaagagggacagacgggggcgtccgtactctgccgttagaggtgaaattcttggatcggcggaagacgaactactgcgaaagcattcgccaagaatgttttctttaatcaagagcgaaagtcagaggttcg,OTU_877,High-MH,None,Eukaryota,Chordata,Ascidiacea,Stolidobranchia,Styelidae,Styela,NA,Styela,NA,UnId styelid?
agccgcggtaattccagctccaacagtgtatgctaaagttgttgcggttgaaaagctcgtagttggatcttgggtgggcgccgccggtccgtcgcaaggcgtgtcactggcggcgctctcctcgtcgttcggttctctgtcggtgctcttgactgagtgtcggcggtggccgataagtttactttgaaaaaattagagtgttcaaagcaggctcttcgcctgtatagtgttgcatggaataatggaataggacctcggttctattttgttggttttcggagcgcgaggtaatgattaagagggacagacgggggcgtccgtactctgccgttagaggtgaaattcttggatcggcggaagacgaactactgcgaaagcattcgccaagaatgttttctttaatcaagagcgaaagtcagaggttcg,OTU_903,High-MH,None,Eukaryota,Chordata,Ascidiacea,Stolidobranchia,Pyuridae,Microcosmus,NA,Microcosmus,NA,UnId microcosmus?
agccgcggtaattccagctccaacagtgtatgctaaagttgttgcagttgaaaagctcgtagttggattttgggcgagcgcagccggtccgtcgcagggcgtgttactggttgcgttcgcctcaccttcggttctccgtcggtgctcttgactgagtgtcggcggtggccgataagtttactttgaaaaaattagagtgttcaaagcaggctgctcgcctgcatagtgttgcatggaataatggaataggacctcggttctattttgttggttttcggagcacgaggtaatgattaagagggacagacgggggcgtccgtactctgccgttagaggtgaaattcttggatcggcggaagacgaactactgcgaaagcattcgccaagaatgttttctttaatcaagagcgaaagtcagaggttcg,OTU_996,High-MH,None,Eukaryota,Chordata,Ascidiacea,Stolidobranchia,Styelidae,Styela,NA,Styela,NA,UnId styelid?
agccgcggtaattccagctccaacagtgtatgctaaagttgttgcggttgaaaagctcgtagttggattttgggcgagcgcagccggtccgtcgcagggcgtgttactggttgcgttcgcctcaccttcggttctccgtcggtgctcttgactgagtgtcggcggtggccgataagtttactttgaaaaaattagagtgttcaaagcaggctgctcgcctgcatagtgttgcatggaataatggaataggacctcggttctattttgttggttttcggagcacgaggtaatgattaagagggacagacgggggcgtccgtactctgccgttagaggtgaaattcttggatcggtggaagacgaactactgcgaaagcattcgccaagaatgttttctttaatcaagagcgaaagtcagaggttcg,OTU_1008,High-MH,None,Eukaryota,Chordata,Ascidiacea,Stolidobranchia,Styelidae,Styela,NA,Styela,NA,UnId styelid?
agccgcggtaattccagctccaacagtgtatgctaaagttgttgcggttgaaaagctcgtagttggatcttgggtgggtgccgccggtccgtcgcaaggcgtgtcactggcggcgctcgcctcgccttcggttccccgtcggtgctcttgactgagtgtcggcggtggccgataagtttactttgaaaaaattagagtgttcaaagcaggctgctcgcctgcatagtgttgcatggaataatggaataggacctcggttctattttgttggttttcggagcgcgaggtaatgattaagagggacagacgggggcgtccgtactctgccgttagaggtgaaattcttggatcggcggaagacgaactactgcgaaagcattcgccaagaatgttttctttaatcaagagcgaaagtcagaggttcg,OTU_1064,High-MH,None,Eukaryota,Chordata,Ascidiacea,Stolidobranchia,Pyuridae,NA,NA,Pyura,NA,UnId pyura?
agccgcggtaattccagctccaacagtgtatgctaaagttgttgcggttgaaaagctcgtagttggatgttgggcgggcgcggccggtccgtcgcagggcgtgcactggtcgcgttcgcctcgccgttcggttctccgtcggtgctcttgattgagtgtcggcggtggccgagaagtttactttgaaaaaattagagtgttcaaagcaggccgctcgcctgaatagtgttgcatggaataatggaataggacctcggttctattttgttggttttcggaacgtgaggtaatgattaagagggacagacgggggcgtccgtactctgccgttagaggtgaaattcttggatcggcggaagacgaactactgcgaaagcattcgccaagaatgttttctttaatcaagagcgaaagtcagaggttcg,OTU_1112,Low,2490919,Eukaryota,Chordata,Ascidiacea,Stolidobranchia,Styelidae,Syncarpa,Syncarpa composita,NA,NA,Unknown styelidae
agccgcggtaattccagctccaacagtgtatgctaaagttgttgcggttgaaaagctcgtagttggattttgggcgagcgcagccggtccgtcgcagggcgtgttactggttgcgttcgcctcaccttcggttctccgtcggtgctcttgactgagtgtcggcggtggccgataagtttactttgaaaaaattagagtgttcaaagcaggctgctcgcctgcatagtgttgcatggaataatggaataggacctcggttctattttgttggttttcggagcacgaggtaatgattaagagggacagacgggggcgtctgtactctgccgttagaggtgaaattcttggatcggcggaagacgaactactgcgaaagcattcgccaagaatgttttctttaatcaagagcgaaagtcagaggttcg,OTU_1148,High-MH,None,Eukaryota,Chordata,Ascidiacea,Stolidobranchia,Styelidae,Styela,NA,Styela,NA,UnId styelid?
agccgcggtaattccagctccaacagtgtatgctaaagttgttgcggttgaaaagctcgtagttggattttgggcgagcgcagccggtccgtcgcagggcgtgttactggttgcgttcgcctcaccttcggttctccgtcggtgctcttgactgagtgtcggcggtggccgataagtttactttgaaaaaattagagtgttcaaagcaggctgctcgcctgcatagtgttgcatggaaaaatggaataggacctcggttctattttgttggttttcggagcacgaggtaatgattaagagggacagacgggggcgtccgtactctgccgttagaggtgaaattcttggatcggcggaagacgaactactgcgaaagcattcgccaagaatgttttctttaatcaagagcgaaagtcagaggttcg,OTU_1150,High-MH,None,Eukaryota,Chordata,Ascidiacea,Stolidobranchia,Styelidae,Styela,NA,Styela,NA,UnId styelid?
agccgcggtaattccagctccaatagtgtatgctaaagttgttgcggttgaaaagctcgtagttggatctagggcgctggtcggtggtccgccgcaaggtgtgtactgtcggccggtctcttttttctggttttccgtcggtgctcttaactgagtgtcggcggtggccagtgcgtttactttgaaaaaattagagtgtttaaagcaggctgtttgcctgaatatcggtgcatggaataatggaataggacctcgagtctattttgttggttttcggaagcgaggtaatgattaagagggacagacgggggcatccgtactctgccgttagaggtgaaattcttggatcggcggaagacgaactattgcgaaagcatttgccaagaatgttttctttaatcaagagcgaaagtcagaggttcg,OTU_1166,High-MH,None,Eukaryota,Chordata,Ascidiacea,Stolidobranchia,Molgulidae,Molgula,NA,Molgula,NA,Multiple 100% macth to species in mogula
agccgcggtaattccagctccaacagtgtatgctaaagttgttgcggttgaaaagctcgtagttggattttgggcgagcgcagccggtccgtcgcagggcgtgttactggttgcgttcgcctcaccttcggttctccgtcggtgctcttgactgagtgttggcggtggccgataagtttactttgaaaaaattagagtgttcaaagcaggctgctcgcctgcatagtgttgcatggaataatggaataggacctcggttctattttgttggttttcggagcacgaggtaatgattaagagggacagacgggggcgtccgtactctgccgttagaggtgaaattcttggatcggcggaagacgaactactgcgaaagcattcgccaagaatgttttctttaatcaagagcgaaagtcagaggttcg,OTU_1205,High-MH,None,Eukaryota,Chordata,Ascidiacea,Stolidobranchia,Styelidae,Styela,NA,Styela,NA,UnId styelid?
agccgcggtaattccagctccaacagtgtatgctaaagttgttgcggttgaaaagctcgtagttggatgttgggcgggcgcggccggtccgtcgcagggcgtgcactggtcgcgttcgcctcgccgttcggttctccgtcggtgctcttgattgagtgtcggcggtggccgagaagtttactttgaaaaaattagagtgttcaaagcaggccgttcgcctgaatagtgttgcatggaataatggaataggacctcggttctattttgttggttttcggaacgtgaggtaatgattaagagggacagacgggggcgtccgtactctgccgttagaggtgaaattcttggatcggcggaagacgaactactgcgaaagcattcgccaagaatgttttctttaatcaagagcgaaagtcagaggttcg,OTU_1242,Low,111872,Eukaryota,Chordata,Ascidiacea,Stolidobranchia,Styelidae,Symplegma,Symplegma reptans,NA,NA,Unknown styelidae
agccgcggtaattccagctccaacagtgtatgctaaagttgttgcggttgaaaagctcgtagttggattttgggcgagcgcagccggtccgtcgcagggcgtgttactggttgcgttcgcctcaccttcggttctccgtcggtgctcttgactgagtgtcggcggtggccgataagtttactttgaaaaaattagagtgttcaaagcaggctgctcgcctgcatagtgttgcatggaataatggaataggacctcggttctattttgttggttttcggagcacgaggtaatgattaagagggacagacgggggcgtccgtactctgccgttagaggtgaaattcttggatcggcggaagacaaactactgcgaaagcattcgccaagaatgttttctttaatcaagagcgaaagtcagaggttcg,OTU_1249,High-MH,None,Eukaryota,Chordata,Ascidiacea,Stolidobranchia,Styelidae,Styela,NA,Styela,NA,UnId styelid?
agccgcggtaattccagctccaacagtgtatgctaaagttgttgcggttgaaaagctcgtagttggattttgggcgggtgcagccggtccgtcgcagggcgtgttactggttgcgctcgcctcgccttcggttctccgtcggtgctcttgactgagtgtcggcggtggccgagaagtttactttgaaaaaattagagtgttcaaagcaggctgctcgcctgtatagtgttgcatggaataatggaataggacctcggttctattttgttggttttcggagcgcgaggtaatgattaagagggacagacgggggcgtccgtactctgccgttagaggtgaaattcttggatcggcggaagacgaactactgcgaaagcattcgccaagaatgttttctttaatcaagagcgaaagtcagaggttcg,OTU_1277,High-MH,None,Eukaryota,Chordata,Ascidiacea,Stolidobranchia,Styelidae,NA,NA,NA,NA,Unknown styelidae
agccgcggtaattccagctccaacagtgtatgctaaagttgttgcggttgaaaagctcgtagttggattttgggcgggcgcagccggtccgtcgcaaggcgtgtcactggttgcgctcgcctcaccttcggttctccgtcggtgctcttgactgagtgtcggcggtggccgataagtttactttgaaaaaattagagtgttcaaagcaggctgcccgcctgcatagtgttgcatggaataatggaataggacctcggttctattttgttggttttcggagcacgaggtaatgattaagagggacagacgggggcgtccgtactctgccgctagaggtgaaattcttggatcggcggaagacgaactactgcgaaagcattcgccaagaatgttttctttaatcaagagcgaaagtcagaggttcg,OTU_1302,High,1440457,Eukaryota,Chordata,Ascidiacea,Stolidobranchia,Styelidae,Styela,Styela canopus,Styela,NA,UnId styelid?
agccgcggtaattccagctccaacagtgtatgctaaagttgttgcggttgaaaagctcgtagttggattttgggcgagcgcagccggtccgtcgcagggcgtgttactggttgcgttcgcctcaccttcggttctccgttggtgctcttgactgagtgtcggcggtggccgataagtttactttgaaaaaattagagtgttcaaagcaggctgctcgcctgcatagtgttgcatggaataatggaataggacctcggttctattttgttggttttcggagcacgaggtaatgattaagagggacagacgggggcgtccgtactctgccgttagaggtgaaattcttggatcggcggaagacgaactactgcgaaagcattcgccaagaatgttttctttaatcaagagcgaaagtcagaggttcg,OTU_1338,High-MH,None,Eukaryota,Chordata,Ascidiacea,Stolidobranchia,Styelidae,Styela,NA,Styela,NA,UnId styelid?
agccgcggtaattccagctccaaaagtgtatatttaagttgttgcggttaaaaagctcgtagttggatcttgggcgcaggcggccggtccgtcgcaaggcgtgcactggctgcacctggccctcgcccccggcgctccgccggtgcccttgactgagtgtcggcggcggccgggacgtttactttgaaaaaattagagtgttcaaagcaggcggctcgcctgaataatggtgcatggaataatggaataggacctcggttctattttgttggttttcggagcgcgaggtaatgattaagagggacggacgggggcattcgtactgtgccgctagaggtgaaattcttggatcggcgcaagacgagcgactgcgaaagcatttgccaagaatgttttctttaatcaagagcgaaagtcagaggttcg,OTU_1371,High-MH,None,Eukaryota,Chordata,Ascidiacea,Enterogona,Ascidiidae,NA,NA,NA,NA,Unknown ascididae
agccgcggtaattccagctccaacagtgtatgctaaagttgttgcggttgaaaagctcgtagttggattttgggcgggcgcagccggtccgtcgcaaggcgtgtcactggttgcgttcgcctcaccttcggttctccgccggtgctcttgactgagtgtcggcggtggccgataagtttactttgaaaaaattagagtgttcaaagcaggctgcccgcctgcatagtgttgcatggaataatggaataggacctcggttctattttgttggttttcggagcacgaggtaatgattaagagggacagacgggggcgtccgtactctgccgttagaggtgaaattcttggatcggcggaagacgaactactgcgaaagcattcgccaagaatgttttctttaatcaagagcgaaagtcagaggttcg,OTU_1377,High-MH,None,Eukaryota,Chordata,Ascidiacea,Stolidobranchia,Styelidae,Styela,NA,Styela,Styela canopus,Four bases between 100% ID and next in genera
agccgcggtaattccagctccaacagtgtatgctaaagttgttgcggttgaaaagctcgtagttggattttgggcgagcgcagccggtccgtcgcagggcgtgttactggttgcgttcgcctcaccttcggttctccgtcggtgctcttgactgagtgtcggtggtggccgataagtttactttgaaaaaattagagtgttcaaagcaggctgctcgcctgcatagtgttgcatggaataatggaataggacctcggttctattttgttggttttcggagcacgaggtaatgattaagagggacagacgggggcgtccgtactctgccgttagaggtgaaattcttggatcggcggaagacgaactactgcgaaagcattcgccaagaatgttttctttaatcaagagcgaaagtcagaggttcg,OTU_1397,High-MH,None,Eukaryota,Chordata,Ascidiacea,Stolidobranchia,Styelidae,Styela,NA,Styela,NA,UnId styelid?
agccgcggtaattccagctccaacagtgtatgctaaagttgttgcggttgaaaagctcgtagttggattttgggcgagcgcagccggtccgtcgcagggcgtgttactggttgcgttcgcctcaccttcggttctccgtcggtgctcttgactgagtgtcggcggtggccgataagtttactttgaaaaaattagagtgttcaaagcaggctgctcgcctgcatagtgttgcatggaataatggaataggacctcggttctattttgttggttttcggagcacgaggtaatgattaagagggacagacgggggcgtccgtactctgccgttagaggtgaaattcttggatcggctgaagacgaactactgcgaaagcattcgccaagaatgttttctttaatcaagagcgaaagtcagaggttcg,OTU_1413,High-MH,None,Eukaryota,Chordata,Ascidiacea,Stolidobranchia,Styelidae,Styela,NA,Styela,NA,UnId styelid?
agccgcggtaattccagctccaacagtgtatgctaaagttgttgcggttgaaaagctcgtagttggattttgggtgggcgcagtcggtccgtcgcagggcgtgctactggctgcgctcgcctcgccttcggttctccgtcggtgctcttgactgagtgtcggcggtggccgagaagtttactttgaaaaaattagagtgttcaaagcaggctgctcgcctgaatagtgttgcatggaataatggaataggacctcggttctattttgttggttttcggagcgcgaggtaatgattaagagggacagacgggggcgtccgtactctgccgttagaggtgaaattcttggatcggcggaagacgaactactgcgaaagcattcgccaagaatgttttctttaatcaagagcgaaagtcagaggttcg,OTU_1467,High-MH,None,Eukaryota,Chordata,Ascidiacea,Stolidobranchia,Styelidae,NA,NA,NA,NA,Unknown styelidae
agccgcggtaattccagctccaacagtgtatgctaaagttgttgcggttgaaaagctcgtagttggattttgggcgagcgcagccggtccgtcgcagggcgtgttactggttgcgttcgcctcaccttcggttctccgtcggtgctcttgactgagtgtcggcggtggccgataagtttactttgaaaaaattagagtgttcaaagcaggctgctcgcctgcatagtgttgcatggattaatggaataggacctcggttctattttgttggtttttggagcacgaggtaatgattaagagggacagacgggggcgtccgtactctgccgttagaggtgaaattcttggatcggcggaagacgaactactgcgaaagcattcgccaagaatgttttctttaatcaagagcgaaagtcagaggttcg,OTU_1470,High-MH,None,Eukaryota,Chordata,Ascidiacea,Stolidobranchia,Styelidae,Styela,NA,Styela,NA,UnId styelid?
agccgtggtaattccagctccaacagtgtatgctaaagttgttgcggttgaaaagctcgtagttggattttgggcgagcgcagccggtccgtcgcagggcgtgttactggttgcgttcgcctcaccttcggttctccgtcggtgctcttgactgagtgtcggcggtggccgataagtttactttgaaaaaattagagtgttcaaagcaggctgctcgcctgcatagtgttgcatggaataatggaataggacctcggttctattttgttggttttcggagcacgaggtaatgattaagagggacagacgggggcgtccgtactctgccgttagaggtgaaattcttggatcggcggaagacgaactactgcgaaagcattcgccaagaatgttttctttaatcaagagcgaaagtcagaggttcg,OTU_1485,High-MH,None,Eukaryota,Chordata,Ascidiacea,Stolidobranchia,Styelidae,Styela,NA,Styela,NA,UnId styelid?
agccgcggtaattccagctccaatagtgtatgctaaagttgttgcggttgaaaagctcgtagttggatctagtgtgccggtcgccggtccgccgcaaggcgtgcactggcgttcggcctctctttgccggttctcggtcggtgctcttgactgagtgtcggccgtggccggcggttttactttgaaaaaattagagtgttcaaagcaggcctgtcgcctgtatattcgtgcatggaataatggaataggacctcgtgtctgttttgttggttataggacgcgaggtaatgattaagagggacagacgggggcatccgtactctgccgttagaggtgaaattcttggatcggcggaagacgaactattgcgaaagcatttgccaagaatgttttctttaatcaagagcgaaagtcagaggttcg,OTU_1496,High-MH,None,Eukaryota,Chordata,Ascidiacea,Stolidobranchia,Molgulidae,Molgula,NA,Molgula,NA,
agccgcggtaattccagctccaacagtgtatgctaaagttgttgcggttgaaaagctcgtagttggattttgggcgagcgcggccggtccgtcgcagggcgtgtcactggtcgcgttcgcctcgacttcggttctctgtcggtgctcttgactgagtgtcggcggtggccgataagtttactttgaaaaaattagagtgttcaaagcaggctgctcgcctgaatagtgttgcatggaataatggaataggacctcggttctattttgttggtttttggagcgtgaggtaatgattaagagggacagacgggggcgtccgtactctgccgttagaggtgaaattcttagatcggcggaagacgaactactgcgaaagcattcgccaagaatgttttctttaatcaagagcgaaagtcagaggttcg,OTU_1512,Low,581108,Eukaryota,Chordata,Ascidiacea,Stolidobranchia,Styelidae,Styela,Styela sp. RPP-2008,NA,NA,Unknown styelidae
agccgcggtaattccagctccaacagtgtatgctaaagttgttgcggttgaaaagctcgtagttggattttgggcgggcgcagccggtccgtcgcaaggcgtgtcactggttgcgttcgcctcaccttcggttctccgtcggtgctcttgactgagtgtcggcggtggccgataagtttactttgaaaaaattagagtgttcaaagcaggctgcccgcctgcatagtgttgcatggaataatggaataggacctcggttctattttgttggttttcggagcacgaggtaatgattaagagggacagacgggggcgtccgtactctgccgctagaggtgaaattcttggatcggcggaagacgaactactgcgaaagcattcgccaagaatgttttctttaatcaagagcgaaagtcagaggttcg,OTU_1559,High-MH,None,Eukaryota,Chordata,Ascidiacea,Stolidobranchia,Styelidae,Styela,NA,Styela,NA,UnId styelid?
agccgcggtaattccagctccaacagtgtatgctaaagttgttgcggttgaaaagctcgtagttggattttgggcgagcgcagccggtccgtcgcagggagtgttactggttgcgttcgcctcaccttcggttctccgtcggtgctcttgactgagtgtcggcggtggccgataagtttactttgaaaaaattagagtgttcaaagcaggctgctcgcctgcatagtgttgcatggaataatggaataggacctcggttctattttgttggttttcggagcacgaggtaatgattaagagggacagacgggggcgtccgtactctgccgttagaggtgaaattcttggatcggcggaagacgaactactgcgaaagcattcgccaagaatgttttctttaatcaagagcgaaagtcagaggttcg,OTU_1572,High-MH,None,Eukaryota,Chordata,Ascidiacea,Stolidobranchia,Styelidae,Styela,NA,Styela,NA,UnId styelid?
agccgcggtaattccagctccaacagtgtatgctaaagttgttgcggttgaaaagctcgtagttggattttgggcgagcgcagccggtccgtcgcagggcgtgttactggttgcgttcgcctcaccttcggttctccgtcggtgctcttgactgagtgtcggcggtggccgataagtttactttgaaaaaattagagtgttcaaagcaggctgctcgcctgcatagtgttgcatggaataatggaataggacctcggttcaattttgttggttttcggagcacgaggtaatgattaagagggacagacgggggcgtccgtactctgccgttagaggtgaaattcttggatcggcggaagacgaactactgcgaaagcattcgccaagaatgttttctttaatcaagagcgaaagtcagaggttcg,OTU_1601,High-MH,None,Eukaryota,Chordata,Ascidiacea,Stolidobranchia,Styelidae,Styela,NA,Styela,NA,UnId styelid?
agccgcggtaattccagctccaacagtgtatgctaaagttgttgcggttgaaaagctcgtagttggattttgggcgggtgcagccggtccgtcgcagggcgtgttactggttgcgctcgcctcaccttcggttctccgtcggtgctcttgactgagtgtcggcggtggccgagaagtttactttgaaaaaattagagtgttcaaagcaggctgctcgcctgtatagtgttgcatggaataatggaataggacctcggttctattttgttggttttcggagcgcgaggtaatgattaagagggacagacgggggcgtccgtactctgccgttagaggtgaaattcttggatcggcggaagacgaactactgcgaaagcattcgccaagaatgttttctttaatcaagagcgaaagtcagaggttcg,OTU_1961,High-MH,None,Eukaryota,Chordata,Ascidiacea,Stolidobranchia,Styelidae,Polycarpa,NA,NA,NA,Unknown polycarpa spp
agccgcggtaattccagctccaaaagtgtatgcttaagttgttgcggttgaaaagctcgtagttggaattcgagcgcggcgcggcggtccgccgcaaggcgagcactgccgggcccgctttcgggtcgcgagcgggcgctgctcttgaccgagtggcgcgtcggtctccgaccggattactttgaaaaaattagagtgttcaaagcaggccgattcgggcccgaatatcgacgcatggaatagtggaacagggcttcggttctcttccgccggcgaggaacggaggcaatgattaagagggacggacgggggcattcgtactgtgccgttagaggtgaaattcttggatcggcgcaagacgaacgaaggcgaaagcatttgccaaggatgttttctttaatcaagagcgaaagtcagaggttcg,OTU_1981,High,322839,Eukaryota,Chordata,Ascidiacea,Enterogona,Clavelinidae,Distaplia,Distaplia dubia,NA,NA,Unknown Distaplia spp
agccgcggtaattccagctccaacagtgtatgctaaagttgttgcggtgtaaaagctcgtagttggattttgggcgagcgcagccggtccgtcgcagggcgtgttactggttgcgttcgcctcaccttcggttctccgtcggagctcttgactgagtgtcggcggtggccgataagtttactttgaaaaaattagagtgttcaaagcaggctgctcgcctgcatagtgttgcatggaataatggaataggacctcggttctattttgttggttttcggagcacgaggtaatgattaagagggacagacgggggcgtccgtactctgccgttagaggtgaaattcttggatcggcggaagacgaactactgcgaaagcattcgccaagaatgttttctttaatcaagagcgaaagtcagaggttcg,OTU_2007,High-MH,None,Eukaryota,Chordata,Ascidiacea,Stolidobranchia,Styelidae,Styela,NA,Styela,NA,UnId styelid?
agccgcggtaattccagctccaacagtgtatgctaaagttgttgcggttgaaaagctcgtagttggattttgggcgagcgcagccggtccgtcgcagggcgtgttactggttgcgttcgcctcaccttctgttctccgtcggagctcttgactgagtgtcggcggtggccgataagtttactttgaaaaaattagagtgttcaaagcaggctgctcgcctgcatagtgttgcatggaataatggaataggacctcggttctattttgttggttttcggagcacgaggtaatgattaagagggacagacgggggcgtccgtactctgccgttagaggtgaaattcttggatcggcggaagacgaactactgcgaaagcattcgccaagaatgttttctttaatcaagagcgaaagtcagaggttcg,OTU_2114,High-MH,None,Eukaryota,Chordata,Ascidiacea,Stolidobranchia,Styelidae,Styela,NA,Styela,NA,UnId styelid?
agccgcggtaattccagctccaatagtgtatgctaaagttgttgcggttgaaaagctcgtagttggattttgggcgggcgcggccggtccgtcgcagggcgtgttactggccgcgtctgcctcaccttcggttctctgtcggtgctcttgactgagtgtcggcggtgtccgataagtttactttgaaaaaattagagtgttcaaagcaggctgctcgcctgaatagtgttgcatggaataatggaataggacctcggttctattttgctggttttcggagcacgaggtaatgattaagagggacagacgggggcgtccgtactctgccgctagaggtgaaattcttggatcggcggaaggcgaactactgcaaaagcattcgccaagaatgttttctttaatcaagagcgaaagtcagaggttcg,OTU_2211,High,1273101,Eukaryota,Chordata,Ascidiacea,Stolidobranchia,Styelidae,Asterocarpa,Asterocarpa humilis,NA,NA,Unknown Asterocarpa spp
agccgcggtaattccagctccaacagtgtatgctaaagttgttgcggttgaaaagctcgtagttggatgttgggcgggcgcggccggtccgtcgcagggcgtgcactggtcgcgttcgcctcgccgttcggttctccgtcggtgctcttgattgagtgtcggcggtggccgagaagtttactttgaaaaaattagagtgttcaaagcaggccggtcgcctgtatagtgttgcatggaataatggaataggacctcggttctattttgttggttttcggaacgtgaggtaatgattaagagggacagacgggggcgtccgtactctgccgttagaggtgaaattcttggatcggcggaagacgaactactgcgaaagcattcgccaagaatgttttctttaatcaagagcgaaagtcagaggttcg,OTU_2270,Low,111872,Eukaryota,Chordata,Ascidiacea,Stolidobranchia,Styelidae,Symplegma,Symplegma reptans,NA,NA,Unknown styelidae
agccgcggtaattccagctccaacagtgtatgctaaagttgttgcggttgaaaagctcgtagttggattttggacgagtgcagccggtccgtcgcagggcgtgttactggttgcgttcgcctcaccttcggttctccgtcggtgctcttgactgagtgtcggcggtggccgataagtttactttgaaaaaattagagtgttcaaagcaggctgctcgcctgcatagtgttgcatggaataatggaataggacctcggttctattttgttggttttcggagcacgaggtaatgattaagagggacagacgggggcgtccgtactctgccgttagaggtgaaattcttggatcggcggaagacgaactactgcgaaagcattcgccaagaatgttttctttaatcaagagcgaaagtcagaggttcg,OTU_2285,High-MH,None,Eukaryota,Chordata,Ascidiacea,Stolidobranchia,Styelidae,Styela,NA,Styela,NA,UnId styelid?
agccgcggtaattccagctccaatagtgtatgctaaagttgttgcggttgaaaagctcgtagttggattttgggcgggcgcggccggtccgtcgcagggcgtgttactggccgcgtctgcctcaccttcggttctctgtcggtgctcttgactgagtgtcggcggtgtccgataagtttactttgaaaaaattagagtgttcaaagcaggctgctcgcctgaatagtgttgcatggaataatggaataggacctcggttctattttgctggttttcggagcacgaggtaatgattaagagggaccggccggggcgtccgtactctgccgttagaggtgaaattcttggatcggcggaagacgaactactgcgaaagcattcgccaagaatgttttctttaatcaagagcgaaagtcagaggttcg,OTU_2352,High,1273101,Eukaryota,Chordata,Ascidiacea,Stolidobranchia,Styelidae,Asterocarpa,Asterocarpa humilis,NA,NA,Unknown Asterocarpa spp
agccgcggtaattccagctccaaaagtgtatatttaagttgttgcggttaaaaagctcgtagttggatcttgggcgcaggcggccggtccgtcgcaaggcgtgcactggccgcacctggccctcgaccccggcgctccgccggtgcccttgactgagtgtcggcggcggccgggacgtttactttgaaaaaattagagtgttcaaagcaggcggctcgcctgaataatggtgcatggaataatggaataggacctcggttctattttgttggttttcggagcgcgaggtaatgattaagagggacggacgggggcattcgtactgtgccgctagaggtgaaattcttggatcggcgcaagacgagcgactgcgaaagcatttgccaagaatgttttctttaatcaagagcgaaagtcagaggttcg,OTU_2353,High-MH,None,Eukaryota,Chordata,Ascidiacea,Enterogona,Ascidiidae,NA,NA,NA,NA,Unknown Phallusia spp
agccgcggtaattccagctccaaaagtgtatatttaagttgttgcggttaaaaagctcgtagttggattttgggcgcaggcgttcggtccgtcgcaaggcgcgcactgtccgttctggctttacctccggttttccgtcggtgctcttgactgagtgtcggcggcggccgggacgtttaccttgaaaaaattagagtgttcaaagcaggcgcttcgcctggatagtgttgcatggaataatgaaataggacctcggttcttttttgttggttttcggagcgcgaggtaatgattaagagggacggacgggggcattcgtactgtgccgttagaggtgaaattcttggatcggcgcaagacgaacgactgcgaaagcatttgccaagaatgttttctttaatcaagagcgaaagtcagaggttcg,OTU_2357,High,431183,Eukaryota,Chordata,Ascidiacea,Enterogona,Corellidae,Corella,Corella eumyota,NA,NA,Unknown corellidae
agccgcggtaattccagctccaacagtgtatgctaaagttgttgcggttgaaaagctcgtagttggattttgggcgagcgcagccggtccgtcgcagggcgtgttactggttgcgttcgcctcaccttcggttctccgtcggtgctcttgactgagtgtcggcggtggccgataagtttactttgaaaaaattagagtgttcaaagcaggctgctcgcctgcatagtgttgcatggaataatggaataggacctcggttctattttgttggttttcggagcacaaggtaatgattaagagggacagacgggggcgtccgtactctgccgttagaggtgaaattcttggatcggcggaagacgaactactgcgaaagcattcgccaagaatgttatctttaatcaagagcgaaagtcagaggttcg,OTU_2369,High-MH,None,Eukaryota,Chordata,Ascidiacea,Stolidobranchia,Styelidae,Styela,NA,Styela,NA,UnId styelid?
agccgcggtaattccagctccaacagtgtatgctaaagttgttgcggttgaaaagctcgtagttggattttgggcgagcgcagccggtccgtcgcagggcgtgttactggttgcgttcgcctcaccttcggttctccgtcggtgctcttgactgagtgtcggtggtggccgataagtttactttgaaaaaattagagtgttcaaagcaggctgctcgcctgcatagtgttgcatggaataatggaataggacctcggttctattttgttggttttcggagcacgaggtaatgattaagagggacagacgggggcgtccgtactctgccgttagaggtgaaattcttggatcggcggaagacgaactactgcgaatacattcgccaagaatgttttctttaatcaagagcgaaagtcagaggttcg,OTU_2375,High-MH,None,Eukaryota,Chordata,Ascidiacea,Stolidobranchia,Styelidae,Styela,NA,Styela,NA,UnId styelid?
agccgcggtaattccagctccaacagtgtatgctaaagttgttgctgttgaaaagctcgtagttggattttgggcgagcgcagccggtctgtcgcagggcgtgttactggttgcgttcgcctcaccttcggttctccgtcggtgctcttgactgagtgtcggctgtggccgataagtttactttgaaaaaattagagtgttcaaagcaggctgctcgcctgcatagtgttgcatggaataatggaataggacctcggttctattttgttggttttcggagcacgaggtaatgattaagagggacagacgggggtgtccgtactctgccgttagaggtgaaattcttggatcggcggaagatgaactactgcgaaagcattcgccaagaatgttttctttaatcaagagcgaaagtcagaggttcg,OTU_2408,Low,7726,Eukaryota,Chordata,Ascidiacea,Stolidobranchia,Styelidae,Styela,Styela plicata,Styela,NA,UnId styelid?
agccgcggtaattccagctccaaaagtgtatatttaagttgctgcggttaaaaagctcgtagttggattttgggcgcaggcggccggtccgtcgcaaggcgtgcactggccgacctggccttaccttcggtaccccggcggtgctcttgactgagtgtcggcggaggccggaacgtttactttgaaaaaattagagtgttcaaagcaggcggctcgcctgaataatggtgcatggaataatggaataggacctcggttctattttgttggttttcggagcgcgaggtaatgattaagagggacagacgggggcattcgtactgtgccgttagaggtgaaattcttggatcggcgcaagacgaacgactgcgaaagcatttgccaagaatgttttctttaatcaagagcgaaagtcagaggttcg,OTU_2412,High-MH,None,Eukaryota,Chordata,Ascidiacea,Enterogona,Perophoridae,NA,NA,NA,NA,Unknown Perophora spp
agccgcggtaattccagctccaacagtgtatgctaaagttgttgcggttgaaaagctcgtagttggattttgggcgagcgcagccggtccgtcgcagggcgtgttactggttgcgttcgcctcaccttcggttctccgtcggtgctcttgactgagtgtcggcggtggccgataagtttactttgaaaaaattagagtgttcaaagcaggctgctcgcctgcatagtgttgcatggaataatggaataggacctcggttctattttgttggttttcggagcacgaggtaatgattaagagggacagacgggggcgtccgtactctgccgttagaggtgaaattcttggatcggcggaagacgaactactgcgaaagcatttgccaagaatgttttctttaatcaagagtgaaagtcagaggttcg,OTU_2422,High-MH,None,Eukaryota,Chordata,Ascidiacea,Stolidobranchia,Styelidae,Styela,NA,Styela,NA,UnId styelid?
agccgcggtaattccagctccaaaagtgtatatttaagttgttgcggttgaaaagctcgtagttggattttgggcgcaggcgcgcggtccgtcgcaaggcgtgcactgcgcgtcctggcctcacccccggttctccgccggtgcccttgactgagtgtcggcggcggccgggacgtttactttgaaaaaattagagtgttcaaagcaggcggctcgcctgaataatggtgcatggaataatggaataggacctcggttctattttgttggttttcggagcgcgaggtaatgattaagagggacggacgggggcattcgtactgtgccgttagaggtgaaattcttggatcggcgcaagacggacgactgcgaaagcatttgccaagaatgttttctttaatcaagagcgaaagtcagaggttcg,OTU_2444,Low,79730,Eukaryota,Chordata,Ascidiacea,Enterogona,Ascidiidae,Ascidia,Ascidia sydneiensis,Ascidia,NA,Unknown ascidia spp
agccgcggtaattccagctccaacagtgtatgctaaagttgttgcggttgaaaagctcgtagttggatcttgggtgggtgccgccggtccgtcgcaaggcgtgtcactggcggcgctcgcctcgccttcggttccccgtcggtgctcttgactgagtgtcggcggtggccgataagtttactttgaaaaaattagagtgttcaaagcaggctgctcgcctgcatagtgttgcatggaataatggaataggacctcggttctattttgttggttttcggagcacgaggtaatgattaagagggacagacgggggcgtccgtactctgccgttagaggtgaaattcttggatcggcggaagacgaactactgcgaaagcattcgccaagaatgttttctttaatcaagagcgaaagtcagaggttcg,OTU_2458,High-MH,None,Eukaryota,Chordata,Ascidiacea,Stolidobranchia,Pyuridae,NA,NA,NA,NA,Unknown pyuridae
agccgcggtaattccagctccaacagtgtatgctaaagttgttgcggttgaaaagctcgtagttggattttgggcgagcgcagccggtccgtcgcagggcgtgttactggttgcgttcgcctcaccttcggttctccgtcggtgctcttgactgagtgtcggcggtggccgataagtttactttgaaaaaattagagtgttcaaagcaggctgctcgcctgcatagtgttgcatggaataatggaataggacctcggttctattttgttggttttcggagcacgaggtaatgattaagagggacagacgggggcgtccgtactctgccgttagaggtgaaattcttggatcggcggaagactaactactgcgaaagcattcgccaagaatgttttctttaatcaagagtgaaagtcagaggttcg,OTU_2474,High-MH,None,Eukaryota,Chordata,Ascidiacea,Stolidobranchia,Styelidae,Styela,NA,Styela,NA,UnId styelid?
agccgcggtaattccagctccaacagtgtatgctaaagttgttgcggttgaaaagctcgtagttggattttgggcgagcgcagccggtccgtcgcagggcgtgttactggttgcgttcgcctcaccttcggttctccgtcggtgctcttgactgagtgttggcggtggccgataagtttactttgaaaaaattagagtgttcaaagcaggctgctcgcctgcatagtgttgcatggaataatggaataggacctcggttctattttgttggttttcggagcacgaggtaatgattaagagggacagacgggggcgtccgtactctgccgttagaggtgaaattcttggatcggcggaagacgaactactgcgaaagcattcgccaagaatgttttctttaatcaagagcgaatatcagaggtttg,OTU_2492,High-MH,None,Eukaryota,Chordata,Ascidiacea,Stolidobranchia,Styelidae,Styela,NA,Styela,NA,UnId styelid?
agccgcggtaattccagctccaacagtgtatgctaaagttgttgcggttgaaaagctcgtagttggatattgggcgagcgcggtcggtccgtcgcagggcgtgcactggtcgcgttcgcctcgacttcggttctccgtcggtgctcttgactgagtgtcggcggtggccgagaagtttactttgaaaaaattagagtgttcaaagcaggctggtcgcctgaatagtgttgcatggaataatggaataggacctcggttctattttgttggttttcggaacggaggtaatgattaagagggacagacgggggtgtccgtactctgccgttagaggtgaaattcttggatcggcggaagacgaactactgcgaaagcattcaccaagaatgttttctttaatcaagagcgaaagtcagaggttcg,OTU_2534,High-MH,None,Eukaryota,Chordata,Ascidiacea,Stolidobranchia,Styelidae,NA,NA,Botryllus,NA,Multiple 100% hits in the genus
agccgcggtaattccagctccaacagtgtatgctaaagttgttgcggttgaaaagctcgtagttggattttgggtgggcgcagtcggtccgtcgcagggcgtgctactggctgcgttcgcctcaccttcggttctccgtcggtgctcttgactgagtgtcggcggtggccgagaagtttactttgaaaaaattagagtgttcaaagcaggctgctcgcctgaatagtgttgcatggaataatggaataggacctcggttctattttgttggttttcggagcgcgaggtaatgattaagagggacagacgggggcgtccgtactctgccgttagaggtgaaattcttggatcggcggaagacgaactactgcgaaagcattcgccaagaatgttttctttaatcaagagcgaaagtcagaggttcg,OTU_2546,High-MH,None,Eukaryota,Chordata,Ascidiacea,Stolidobranchia,Styelidae,NA,NA,NA,NA,Unknown styelidae
agccgcggtaattccagctccaacagtgtatgctaaagttgttgcggttgaaaagctcgtagttggattttgggcgagcgcagccggtccgtcgcagggcgtgttactggttgcgttcgcctcaccttcggttctccgtcggtgctcttgactgagtgttggcggtggcagataagtttactttgaaaaaattagagtgttcaaagcaggctgctcgcctgcatagtgttgcatggaataatggaataggacctcggttctattttgttggttttcggagcacgaggtaatgattaagagggacagacgggggcgtccgtactctgccgttagaggtgaaattcttggatcggcggaagacgaactactgcgaaagcattcgccaagaatgttttctttaatcaagagcgaaagtcagaggttcg,OTU_2549,High-MH,None,Eukaryota,Chordata,Ascidiacea,Stolidobranchia,Styelidae,Styela,NA,Styela,NA,UnId styelid?
agccgcggtaattccagctccaaaagtatatatttaagttgttgcggttaaaaagctcgtagttggattttgggcgcaggcggccggtccgtcgcaaggcgtgtactggacgtcctggccttccctccggttctccggcggtgctcttgactgagtgtcggcggcggccggaacgtttactttgaaaaaattagagtgttcaaagcaggctctcgagcctggataatggtgcatggaataatggaataggacctcggttctattttgttggttttcggagcgcgaggtaatgattaagagggacagacgggggcattcgtactgtgccgttagaggtgaaattcttggatcggcgcaagacgaacgactgcgaaagcatttgccaagaatgttttctttaatcaagagcgaaagtcagaggttcg,OTU_2551,High,51511,Eukaryota,Chordata,Ascidiacea,Enterogona,Cionidae,Ciona,Ciona savignyi,Ciona,NA,Unknown ciona
agccgcggtaattccagctccaacagtgtatgctaaagttgttgcggttgaaaagctcgtagttggattttgggcgagcgcagccggtccgtcgcagggcgtgttactggttgcgttcgcctcaccttcggttctctgtcggtgctcttgactgagtgtcggcggtggccgataagtttactttgaaaaaattagagtgttcaaagcaggctgctcgcctgcatagtgttgcatggaataatggaataggacctcggttctattttgttggttttcggagcacgaggtaatgattaagagggacagacgggggcgtccgtactctgcagttagaggtgaaattcttggatcggcggaagacgaactactgcaaaagcattcgccaagaatgttttctttaatcaagagcgaaagtcagaggttcg,OTU_2642,High-MH,None,Eukaryota,Chordata,Ascidiacea,Stolidobranchia,Styelidae,Styela,NA,Styela,NA,UnId styelid?
agccgcggtaattccagctccaaaagtgtatatttaagttgttgcggttaaaaagctcgtagttggattttgggctcgggccgtcggtccgtcgcaaagcgtgtactggcgtgcccggcctcaccttcggttcaccgtcggtgctcttgattgagtgttggcggcggccggaacgtttactttgaaaaaattagagtgtttaaagcaggcggttcgcctgaataatggtgcatggaataatggaataggacctcggttctattttgttggttttcggagcgcgaggtaatgattaagagggacggacgggggcattcgtactgtgccgctagaggtgaaattcttggatcggcgcaagacgaacaactgcgaaagcatttgccaagaatgttttctttaatcaagagcgaaagtcagaggttcg,OTU_2659,High,159417,Eukaryota,Chordata,Ascidiacea,Enterogona,Clavelinidae,Clavelina,Clavelina lepadiformis,Clavelina,NA,Unknonw clavelina
agccgcggtaattccagctccaacagtgtatgctaaagttgttgcggttgaaaagctcgtagttggatcttgggcgagcgccgccggtccgtcgcaaggcgtgtcactggcggcgcctgcctcaccttcggttctccgtcggtgctcttgactgagtgtcggcggtggccgagaagtttactttgaaaaaattagagtgttcaaagcaggctggtcgcctgcatagtgttgcatggaataatggaataggacctcggttctattttgttggttttcggagcgcgaggtaatgattaagagagacagacgggggcgtccgtactctgccgctagaggtgaaattcttggatcggcggaagacgaactactgcgaaagcattcgccaagaatgttttctttaatcaagagcgaaagtcagaggttcg,OTU_2660,Low,569434,Eukaryota,Chordata,Ascidiacea,Stolidobranchia,Pyuridae,Pyura,Pyura gangelion,Pyura,NA,Unknown pyura
agccgcggtaattccagctccgaaagtgtatgctaaagttgttgcggttgaaaagctcgtagttggatgtagagcgcgcggcgccggtccgtcgcagggcgtgcaccggcgtcgcgggttccgcctgtcggcgccgcccgcggtgctcttgaccgggtgccgcgggtcgggccgacgagtttactttgaaaaaattagagtgttcaaagcaggccgcccgcctgcatagtgtcgcatggaataacggaataggacctcggtctcgtttcgttggcgttcgcgagagcgaggtaatgattaagagggacggccgggggcgtccgtactctgccgttagaggtgaaattcttggatcggcggaagacgagcagctgcgaaagcgttcgccaagaacgttttctttaatcaagagcgaaagtcagaggttcg,OTU_2684,High,30301,Eukaryota,Chordata,Ascidiacea,Stolidobranchia,Styelidae,Botryllus,Botryllus schlosseri,Botryllus,NA,"3bp mismatch to schlosseri, no other better match"
agccgcggtaattccagctccaacagtgtatgctaaagttgttgcggttgaaaagctcgtagttggattttgggcgagcgcagccggtccgtcgcagggcgtgttactggttgcgttcgcctcaccttcggttctccgtcggtgctcttgactgagtgtcggcggtggccgataagtttactttgaaaaaattagagtgttcaaagcaggctgctcgcctgcatagtgttgcatggaataatggaataggacctcggttctattttgttggttttcggagcacgaggtaatgattaagagggacagacgggggcgtccgtactctgccgttagaggtgaaattcttggatcggcggaagatgaactactgcgaaagcatttgccaagaatgttttctttaatcaagagcgaaagtcagaggttcg,OTU_2687,High-MH,None,Eukaryota,Chordata,Ascidiacea,Stolidobranchia,Styelidae,Styela,NA,Styela,NA,UnId styelid?
agccgcggtaattccagctccaacagtgtatgctaaagttgttgcggttgaaaagctcgtagttggattttgggcgagcgcagccggtccgtcgcagggcgtgttactggttgcgttcgcctcaccttcggttctccgtcggtgctcttgactgagtgtcggcggtggccgataagtttactttgaaaaaattagagtgttcaaagcaggctgctcgcctgcatagtgttgcatggaataatggaataggacctcggttctattttgttggttttcggagcacgaggtaatgattaagagggacagacagacagagggcgtctgtactctgccgttagaggtgaaattcttggatcggtggaagacgaactactgcgaaagcattcgccaagaatgttttctttaatcaagagcgaaagtcagaggttcg,OTU_2718,Low,7726,Eukaryota,Chordata,Ascidiacea,Stolidobranchia,Styelidae,Styela,Styela plicata,Styela,NA,UnId styelid?
agccgcggtaattccagctccaacagtgtatgctaaagttgttgcggttgaaaagctcgtagttggattttgggtgggcgcagccggtccgtcgcaaggcgtgtcactggttgcgttcgcctcggtcttcggttctccgtcggtgctcttgactgagtgtcggcgttggccgataagtttactttgaaaaaattagagtgttcaaagcaggctgcccgcctgcatagtgttgcatggaataatggaataggacctcggttctattttgttggttttcggagcacgaggtaatgattaagagggacagacgggggcgtccgtactctgccgttagaggtgaaattcttggatcggcggaagacgaactactgcgaaagcattcgccaagaatgttttctttaatcaagagcgaaagtcagaggttcg,OTU_2747,Low,1440457,Eukaryota,Chordata,Ascidiacea,Stolidobranchia,Styelidae,Styela,Styela canopus,Styela,NA,UnId styelid?
agccgcggtaattccagctccaacagtgtatgctaaagttgttgcggttgaaaagctcgtagttggatctagggtgtgcgccgccggtccgtcgcaatgcgtgtcactggcggcgcgtgccttgccttcggttctccgtcggtgctcttgactgagtgtcggcggtggccgataagtttactttgaaaaaattagagtgttcaaagcaggctgttcgcctgtatagtgttgcatggaataatggaataggacctcggttctattttgttggttttcggagcacgaggtaatgattaagagggacagacgggggcgtccgtactctgccgttagaggtgaaattcttggatcggcggaagacgaactactgcgaaagcattcgccaagaatgttttctttaatcaagagcgaaagtcagaggttcg,OTU_2765,High-MH,None,Eukaryota,Chordata,Ascidiacea,Stolidobranchia,Pyuridae,Pyura,NA,Pyura,NA,Unknown pyura
tgacgcggttattccagctccaaaagtgtatatttaagttgctgcggttaaaaagctcgtagttggattttgggcgcaggcggccggtccgtcgcaaggcgtgcactggccgacctggccttaccttcggttccccgccggtgctcttgactgagtgtcgacggcggccggaacgtttactttgaaaaaattagagtgttcaaagcaggcggctcgcctgaataatggtgcatggaataatggaataggacctcggttctattttgttggttttcggagcgcgaggtaatgattaagagggacagacgggggcattcgtactgtgccgttagaggtgaaattcttggatcggcgcaagacgaacgactgcgaaagcatttgccaagaatgttttctttaatcaagagcgaaagtcagaggttcg,OTU_2771,High-MH,None,Eukaryota,Chordata,Ascidiacea,Enterogona,Perophoridae,NA,NA,NA,NA,Unknown Perophora spp
agccgcggtaattccagctccaacagtgtatgctaaagttgttgcggttgaaaagctcgtagttggattttgggcgagcgcagccggtccgtcgcagggcgtgttactggttgcgttcgcctcaccttcggttctccgtcggtgctcttgactgagtgtcggcggtggccgataagtttactttgaaaaaattagagtgttcaaagcaggctgctcgcctgcatagtgttgcatggaataatggaataggacctcggttctattttgttggttttcggagcacgaggtaatgattaagagggacagacgggggcgtccgtactctgccgttagaggtgaaattcttggatcggcggaagacgaactactgcaaaagcattcgccaagaatgttttctttaatcaagagcgaaagtcagaggtttg,OTU_2777,High-MH,None,Eukaryota,Chordata,Ascidiacea,Stolidobranchia,Styelidae,Styela,NA,Styela,NA,UnId styelid?
agccgcggtaattccagctccaacagtgtatgctaaagttgttgcggttgaaaagctcgtagttggattttgggcgagcgcagccggtccgtcgcagggcgtgttactggttgcgttcgcctcaccttcggttctccgtcggtgctcttgactgagtgtcggcggtggccgataagtttactttgaaaaaattagagtgttcaaagcaggctgctcgcctgcatagtgttgcatggaataatggaataggacctcggttctattttgttggttttcggagcacgaggtaatggttaagagggacagacgggggcgtctgtactctgccgttagaggtgaaattcttggattggcggaagactaactactgcgaaagcattcgccaagaatgttttctttaatcaagagcgaaagtcagaggttcg,OTU_2813,High,7726,Eukaryota,Chordata,Ascidiacea,Stolidobranchia,Styelidae,Styela,Styela plicata,Styela,NA,UnId styelid?
agccgcggtaattccagctccaacagtgtatgctaaagttgttgtggttgaaaagctcgtagttggattttgggcgagcgcagacggtccgtcgcagggcgtgttactggttgcgttcgcctcaccttcggttctccgtcggtgctcttgactgagtgtcggcggtggccgataagtttactttgaaaaaattagagtgttcaaagcaggctgctcgcctgcatagtgttgcatggaataatggaataggacctcggttctattttgttggttttcggagcacgaggtaatgattaagagggacagacgggggcgtccgtactctgccgttagaggtgaaattcttggatcggcggaagacgaactactgcgaaagcattcgccaagaatgttttctttaatcaagagcgaaagtcagaggttcg,OTU_2831,High-MH,None,Eukaryota,Chordata,Ascidiacea,Stolidobranchia,Styelidae,Styela,NA,Styela,NA,UnId styelid?
agccgcggtaattccagctccaaaagtgtatgcttaagttgttgcggttgaaaagctcgtagttggaattcgagcgcggcgcggcggtccgccgcaaggcgagcactgccgggcccgctttcgggtcgcgagcgggcgctgctcttgaccgggtggcgcctcggtctccgaccggattactttgaaaaaattagagtgttcaaagcaggccgatttgggcccgaatatcgacgcatggaatagtggaacagggcttcggttctcttccgccggcgaggaacggaggcaatgatcaagagggacggacgggggcattcgtactgtgccgttagaggtgaaattcttggatcggcgcaagacgaacgaaggcgaaagcatttgccaaggatgttttctttaatcaagagcgaaagtcagaggttcg,OTU_2882,High,322839,Eukaryota,Chordata,Ascidiacea,Enterogona,Clavelinidae,Distaplia,Distaplia dubia,NA,NA,Unknown Distaplia spp
agccgcggtaattccagctccaacagtgtatgctaaagttgttgcggttgaaaagctcgtagttggatctagggtgtgcgccgccggtccgtcgcaaggcgtgtcactggcggcgcgtgccttgccttcggttctccgtcggtgctcttgactgagtgtcggcggtggccgataagtttactttgaaaaaattagagtgttcaaagcaggctgttcgcctgtatagtgttgcatggaataatggaataggacctcggttctattttgttggttttcggagcacgaggtaatgattaagagggacagacgggggcgtccgtactctgccgttagaggtgaaattcttggatcggcggaagacgaactactgcgaaagcattcgccaagagcgaaagtcagaggttcg,OTU_2901,High-MH,None,Eukaryota,Chordata,Ascidiacea,Stolidobranchia,Pyuridae,Pyura,NA,Pyura,Pyura hermani,
agccgcggtaattccagctccaacagtgtatgctaaagttgttgcggttgaaaagctcgtagttggattttgggcgagcgcagccggtccgtcgcagggcgtgttactggttgcgttcgcctcaccttcggttctccgtcggtgctcttgactgagtgtcggcggtggccgataagtttactttgaaaaaattagagtgttcaaagcaggctgctcgcctgcatagtgttgcatggaataatggaataggacctcggttctgttttgttggtttttggagcacgaggtaatgattaagagggacagacgggggcgtccgtactctgccgttagaggtgaaattcttggatcggcggaagacgaactactgcgaaagcattctccaagaatgttttctttaatcaagagcgaaagtcagaggttcg,OTU_2915,High-MH,None,Eukaryota,Chordata,Ascidiacea,Stolidobranchia,Styelidae,Styela,NA,Styela,NA,UnId styelid?
agccgcggtaattccagctccaacagtgtatgctaaagttgttgcggttgaaaagctcgtagttggatctagggtttgcgccgccggtccgtcgcaaggcgtgtcactggcgtcgcgtgccttgccttcggttctccgtcggtgctcttgactgagtgtcggcggtggccgataagtttactttgaaaaaattagagtgttcaaagcaggctgttcgcctgtatagtgttgcatggaataatggaataggacctcggttctattttgttggttttcggagcacgaggtaatgattaagagggacagacgggggcgtccgtactctgccgttagaggtgaaattcttggatcggcggaagacgaactactgcgaaagcattcgccaagaatgttttctttaatcaagagcgaaagtcagaggttcg,OTU_2939,High-MH,None,Eukaryota,Chordata,Ascidiacea,Stolidobranchia,Pyuridae,Pyura,NA,Pyura,NA,Unknown pyura
agccgcggtaattccagctccaacagtgtatgctaaagttgttgcggttgaaaagctcgtagttggattttgggcgagcgcagccggtccgtcgcagggcgtgttactggttgcgttcgcctcaccttcggttctccgtcggtgctcttgactgagtgtcggcggtggccgataagtttactttgaaaaaattagagtgttcaaagcaggctgctcgcctgcatagtgttgcatggaataatggaataggacctcggttctattttgttggttttcggagcacgaggtaatgattaagagggacagacgggggcgtccgtactctgccgttagaggtgaaattcttggatcggcggaagacgagctactgcgaaagcattcgccaagaatgttttctttaatcaagagcgaaagtcaggggttcg,OTU_2940,High-MH,None,Eukaryota,Chordata,Ascidiacea,Stolidobranchia,Styelidae,Styela,NA,Styela,NA,UnId styelid?
tgacgcggttattccagctccaaaagtgtatatttaagttgctgcggttaaaaagctcgtagttggattttgggcgcaggcggctggtccgtcgcaaggcgtgcactggccgacctggccttaccttcggttccccgccggtgctcttgactgagtgtcgacggcggccggaacgtttactttgaaaaaattagagtgttcaaagcaggcggctcgcctgaataatggtgcatggaataatggaataggacctcggttctattttgttggttttcggagcgcgaggtaatgattaagagggacagacgggggcattcgtactgtgccgttagaggtgaaattcttggatcggcgcaagacgaacgactgcgaaagcatttgccaagaatgttttctttaatcaagagcgaaagtcagaggttcg,OTU_2944,High-MH,None,Eukaryota,Chordata,Ascidiacea,Enterogona,Perophoridae,NA,NA,NA,NA,Unknown Perophora spp
agccgcggtaattccagctccaacagtgtatgctaaagttgttgcggttgaaaagctcgtagttggattttgggcgagcgcagccggtccgtcgcagggcgtgttactggttgcgttcgcctcaccttcggttctccgtaggtgctcttgactgagtgttggcggtggccgataagtttactttgaaaaaattagagtgttcaaagcaggctgctcgcctgcatagtgttgcatggaataatggaataggacctcggttctattttgttggttttcggagcacgaggtaatgattaagagggacagacgggggcgtccgtactctgccgttagaggtgaaattcttggatcggcggaagacgaactactgcgaaagcattcgccaagaatgttttctttaatcaagagcgaaagtcagaggttcg,OTU_2951,High-MH,None,Eukaryota,Chordata,Ascidiacea,Stolidobranchia,Styelidae,Styela,NA,Styela,NA,UnId styelid?
agccgcggtaattccagctccaacagtgtatgctaaagttgttgcggttgaaaagctcgtagttggattttgggcgagcgcagccggtccgtcgcagggcgtgttactggttgcgttcgcctcaccttcggttctccgtcggtgctcttgactgagtgtcggcggtggccgataagtttactttgaaaaaattagagtgttcaaagcaggctgctcgcctgcatagtgttgcatggaataatggaataggacctcggttctgttttgttggtttttggagcacgaggtaatgattaagagggacagacgggggcgtccgtactctgccgttagagttgaaattcttggatcggcggaagacgaactactgcgaaagcattctccaagaatgttttctttaatcaagagcgaaagtcagaggttcg,OTU_2952,High,7726,Eukaryota,Chordata,Ascidiacea,Stolidobranchia,Styelidae,Styela,Styela plicata,Styela,NA,UnId styelid?
agccgcggtaattccagctccaacagtgtatgctaaagttgttgcggttgaaaagctcgtagttggattttgggcgagcgcagccggtccgtcgcagggcgtgttactggttgcgttcgcctcaccttcggttctccgtcggtgctcttgactgagtgtcggcggtggccgataagtttactttgaaaaaattagagtgttcaaagcaggctgctcgcctgcatagtgttgcatggaataatggaataggacctcggttctattttgttggttttcggagcacgaggtaatgattaagagggacagacgggggcgtccgtactctgccgttagaggtgaaattcttggatcagcggaagatgaactactgcgaaagcattcgccaagaatgttttctttaatcaagagcgaaagtcagaggttcg,OTU_3000,High-MH,None,Eukaryota,Chordata,Ascidiacea,Stolidobranchia,Styelidae,Styela,NA,Styela,NA,UnId styelid?
agccgcggtaattccagctccaaaagtgtatgctaaagttgttgcggttgaaaagctcgtagttggatattgggcgagcgcggtcggtccgtcgcagggcgtgcactggtcgcgttcgtctcgagcgtcggttctccgtcggtgctcttgactgagtgtcggcggtggccgagaagtttactttgaaaaaattagagtgttcaaagcaggctggtcgcctgaatagtgttgcatggaataatggaataggacctcggttctattttgttggttttctgaacggaggtaatgattaagagggacagacgggggcgtccgtactctgccgttagaggtgaaattcttggatcggcggaagacgaactactgcgaaagcattcgccaagaatgttttctttaatcaagagcgaaagtcagaggttcg,OTU_3042,Low,30301,Eukaryota,Chordata,Ascidiacea,Stolidobranchia,Styelidae,Botryllus,Botryllus schlosseri,Botryllus,NA,Unknown Botryllus
agccgcggtaattccagctccaatagtgtatgctaaagttgttgcggttgaaaagctcgtagttggatctagggcgctggtcggtggtccaccgcaaggtgtgtactgtcggccggtctcttttttctggttttccggcggttctcttaactgagtgtcgtcggtggccagtgcttttactttgaaaaaattagagtgtttaaagcaggctgtttgcctgaatatcggtgcatggaataatggaataggacctcgagtctattttgttggttttcggaagcgaggtaatgattaagagggacagacgggggcatccgtactctgccgttagaggtgaaattcttggatcggcggaagacgaactattgcgaaagcatttgccaagaatgttttctttaatcaagagcgaaagtcagaggttcg,OTU_3069,High-MH,None,Eukaryota,Chordata,Ascidiacea,Stolidobranchia,Molgulidae,Molgula,NA,Molgula,NA,Unknown Molgula
agccgcggtaattccagctccaaaagtgtatatttaagttgttgcggttaaaaagctcgtagttggattttgggcgcaggcggccggtccgtcgcaaggcgtgcactggccgtcctggcctcacccccggttctccgccggtgcccttgactgagtgtcggcggcggccgggacgtttactttgaaaaaattagagtgttcaaagcaggcggttcgcctgaataatggtgcatggaataatggaataggacctcggttctattttgttggttttcggagcgcgaggtaatgattaagagggacggacgggggcattcgtactgtgccgctagaggtgaaattcttggatcggcgcaagacgaacaactgcgaaagcatttgccaagaatgttttctttaatcaagagcgaaagtcagaggttcg,OTU_3091,High,79730,Eukaryota,Chordata,Ascidiacea,Enterogona,Ascidiidae,Ascidia,Ascidia sydneiensis,Ascidia,NA,Unknown ascidia spp
agccgcggtaattccagctccgaaagtgtatgctaaagttgttgcggttgaaaagctcgtagttggatgtagagcgcgcggcgccggtccgtcgcagggcgtgcaccggcgtcgcgggttccgcctgtcggcgctgcccgcggtgctcttgaccgggtgccgcgggtcggccgacgagtttactttgaaaaaattagagtgttcaaagcaggccgcccgcctgcatagtgtcgcatggaataacggaataggacctcggtctcgtttcgttggcgttcgcgagagcgaggtaatgattaagagggacggccgggggcgtccgtactctgccgttagaggtgaaattcttggatcggcggaagacgagcagctgcgaaagcgttcgccaagaacgttttctttaatcaagagcgaaagtcagaggttcg,OTU_3092,Low,30301,Eukaryota,Chordata,Ascidiacea,Stolidobranchia,Styelidae,Botryllus,Botryllus schlosseri,Botryllus,NA,Unknown Botryllus
agccgcggtaattccagctccaacagtgtatgctaaagttgttgcggttgaaaagctcgtagttggatcttgggcgggcgcggtcggtccgtcgcagggcgtgcactggtcgcgtccgcctcgccttcggttcttcgtcggtgctcttgactgagtgtcggcggtggccgagaagtttactttgaaaaaattagagtgttcaaagcaggctgttcgcctgtatagtgttgcatggaataatggaataggacctcggttctattttgttggttttcggagcacgaggtaatgattaagagggacagacgggggcgtccgtactctgccgttagaggtgaaattcttggatcggcggaagacgaactactgcgaaagcattcgccaagaatgttttctttaatcaagagcgaaagtcagaggttcg,OTU_3112,High-MH,None,Eukaryota,Chordata,Ascidiacea,Stolidobranchia,Styelidae,Symplegma,NA,Symplegma,NA,Unknown Symplegma
agccgcggtaattccagctccaacagtgtatgctaaagttgttgcggttgaaaagctcgtagttggattttgggcgagcgcggccggtccgtcgcagggcgtgtcactggtcgcgttcgcctcgacttcggttctctgtcggtgctcttgactgagtgtcggcggtggccgataagtttactttgaaaaaattagagtgttcaaagcaggctgctcgcctgaatagtgttgcatggaataatggaataggacctcggttctattttgttggttttcggagcacgaggtaatgattaagagggacagacgggggcgtccgtactctgccgttagaggtgaaattcttagatcggcggaagacgaactactgcgaaagcattcgccaagaatgttttctttaatcaagagcgaaagtcagaggttcg,OTU_3206,High,581059,Eukaryota,Chordata,Ascidiacea,Stolidobranchia,Styelidae,Polyandrocarpa,Polyandrocarpa zorritensis,Styela,NA,UnId styelid?
agccgcggtaattccagctccaatagtgtatgctaaagttgttgcggttgaaaagctcgtagttggatctagggcgctggtcggtggtccgccgcaaggtgtgtactgtcggccggtctctttcttctggttttccggcggttctcttaactgagtgtcgtcggtggccagtgcgtttactttgaaaaaattagagtgtttaaagcaggctgtttgcctgaatatcggtgcatggaataatggaataggacctcgagtctattttgttggttttcggaagcgaggtaatgattaagagggacagacgggggcatccgtactctgccgttagaggtgaaattcttggatcggcggaagacgaactattgcgaaagcatttgccaagaatgttttctttaatcaagagcgaaagtcagaggttcg,OTU_3212,High-MH,None,Eukaryota,Chordata,Ascidiacea,Stolidobranchia,Molgulidae,Molgula,NA,Molgula,NA,Unknown Molgula
agccgcggtaattccagctccaacagtgtatgctaaagttgttgcggttgaaaagctcgtagttggattttgggcgagcgcagccggtccgtcgcagggcgtgttactggttgcgttcgcctcaccttcggttctccgtcggtgctcttgactgagtgtcggcggtggccgataagtttactttgaaaaaattagagtgttcaaagcaggctgctcgcctgcatagtgttgcatggaataatggaataggacctcggttctattttgttggttttcggagcacgaggtaatgattaagagggacagacgggggcgtccgtactctgccgttagaggtgaaattcttggaccgccgcaagacgaacaactgcgaaagcatttgccaagaatgttttcattaatcaagaacgaaagttagaggttcg,OTU_3218,Low,7726,Eukaryota,Chordata,Ascidiacea,Stolidobranchia,Styelidae,Styela,Styela plicata,Styela,NA,UnId styelid?
agccgcggtaattccagctccaacagtgtatgctaaagttgttgcggttgaaaagctcgtagttggattttgggcgagcgcagccggtccgtcgcagggcgtgttactggttgcgttcgcctcaccttcggttctccgtcggtgctcttgactgagtgtcggcggtggccgataagtttactttgaaaaaattagagtgttcaaagcaggctgctcgcctgcatagtgttgcatggaataatggaataggacctcggttctattttgttggttttcggagcacgaggtaatgattaagagggacagacgggggcgtccgtactctgccgttagaggtgaaattcttggatcggcggaagacgaactactgcgaaagccttcgccaaaaatgttttctttaatcaagagcgaaagtcagaggttcg,OTU_3302,High-MH,None,Eukaryota,Chordata,Ascidiacea,Stolidobranchia,Styelidae,Styela,NA,Styela,NA,UnId styelid?
agccgcggtaattccagctccaacagtgtatgctaaagttgttgcggttgaaaagctcgtagttggatattgggcgagcgcggtcggtccgtcgcagggcgtgcactggtcgcgttcgcctcgacttcggttctccgtcggtgctcttgactgagtgtcggcggtggccgagaagtttactttgaaaaaattagagtgttcaaagcaggctggtcgcctgtatagtgttgcatggaataatggaataggacctcggttctattttgttggttttcggaacgaaggtaatgattaagagcgacagacgggggtgtccgtactctgccgttagaggtggaattcttggatcggcggaagacgaactactgcgaaagcattcaccaagaatgttttctttaatcaagagcgaaagtcagaggttcg,OTU_3360,High-MH,None,Eukaryota,Chordata,Ascidiacea,Stolidobranchia,Styelidae,NA,NA,Botrylloides,NA,Unknown Botrylloides
agccgcggtaattccagctccaacagtgtatgctaaagttgttgcggttgaaaagctcgtagttggatctagggtgtgcgccgccggtccgtcgcaaggcgtgtcactggcggcgcgtgccttgccttcggttctccgtcggtgctcttgactgagtgtcggcggtggccgataagtttactttgaaaaaattagagtgttcaaagcaggctgttcgcctgtatagtgttgcattgcctattccattataggacctcggttctattttgttggttttcggagcacgaggtaatgattaagagggacagacgggggcgtccgtactctgccgttagaggtgaaattcttggatcggcggaagacgaactactgcgaaagcattcgccaagaatgttttctttaatcaagagcgaaagtcagaggttcg,OTU_3496,Low,1050967,Eukaryota,Chordata,Ascidiacea,Stolidobranchia,Pyuridae,Pyura,Pyura herdmani,Pyura,NA,Unknown pyura
agccgcggtaattccagctccaacagtgtatgctaaagttgttgcggttgaaaagctcgtagttggattttgggcgagcgcagccggtccgtcgcaaggcgtgttactagttgtgttcgcctcaccttcggttctccgtcggtgctcttgactgagtgtcggcggtggccgataagtttactttgaaaaaattagagtgttcaaagcaggctgctcgcctgcatagtgttgcatggaataatggaataggacctcggttctattttgttggttttcggagcacgaggtaatgattaagagggacagacgggggcgtccgtactctgccgttagaggtgaaattcttggatcggcggaagactaactactgcgaaagcattcgccaagaatgttttctttaatcaagagcgaaagtcagaggttcg,OTU_3624,High,7726,Eukaryota,Chordata,Ascidiacea,Stolidobranchia,Styelidae,Styela,Styela plicata,Styela,NA,UnId styelid?
agccgcggtaattccagctccaacagtgtatgctaaagttgttgcggttgaaaagctcgtagttggattttgggcgagcgcagccaatccgtcgcagggcgtgttactggttgcgttcgcctcaccttcggttctccgtcggtgctcttgactgagtgtcggcggtggccgataagtttactttgaaaaaattagagtgttcaaagcaggctgctcgcctgcatagtgttgcatggaataatggaataggacctcggttctattttgttggttttcggagcacgaggtaatgattaagagggacagacgggggcgtccgtactctgccgttagaggtgaaattcttggatcggcggaagacgaactactgcgaaagcattcgccaagaatgttttctttaatcaagagcgaaagtcagaggttcg,OTU_3707,High-MH,None,Eukaryota,Chordata,Ascidiacea,Stolidobranchia,Styelidae,Styela,NA,Styela,NA,UnId styelid?
agccgcggtaattccagctccaacagtgtatgctaaagttgttgcggttgaaaagctcgtagttggattttgggcgagcgcggccggtccgtcgcagggcgtgttactggttgcgttcgcctcaccttcggttctccgtcggtgctcttgactgagtgtcggcggtggccgataagtttactttgaaaaaattagtgtgttcaaagcaggctgctcgcctgcatagtgttgcatggaataatggaataggacctcggttctattttgttggttttcggagcacgaggtaatgattaagagggacagacgggggcgtccgtactctgccgttagaggtgaaattcttggatcggcggaagacgaactactgcgaaagcattcgccaagaatgttttctttaatcaagagcgaaagtcagaggttcg,OTU_3708,High-MH,None,Eukaryota,Chordata,Ascidiacea,Stolidobranchia,Styelidae,Styela,NA,Styela,NA,UnId styelid?
agccgcggtaattccagctccaacagtgtatgctaaagttgttgcggttgaaaagctcgtagttggattttgggcgagcgcagccggtccgtcgcagggcgtgttactggttgcgttcgcctcaccttcggttctccgtcggtgctcttgactgagtgtcggcggtggccgataagtttactttgaaaaaattagagtgttcaaagcaggctgctcgcctgcatagtgttgcatggaataatggaataggacctcggttctattttgttggttttcggagcacgatttaatgattaagagggacagacgggggcgtccgtactctgccgttagaggtgaaattcttggatcggcggaagacgaactactgcgaaagcattcgccaagaatgttttctttaatcaagagcgaaagtcagaggttcg,OTU_3709,High-MH,None,Eukaryota,Chordata,Ascidiacea,Stolidobranchia,Styelidae,Styela,NA,Styela,NA,UnId styelid?
agccgcggtaattccagctccaatagtgtatgctaaagttgttgcggttgaaaagctcgtagttggatctagtgcgccgggcgccggtccgccgcaaggcgtgcactggcgtccggcctctcgttgccggttctcggtcggtgctcttgactgagtgtcggccgtggccggcgtgtttactttgaaaaaattagagtgttcaaagcaggcctgtcgcctgtatagtcgtgcatggaataatggaataggacctcgagtctgttttgttggttttaggacgcgaggtaatgattaagagggacagacgggggcatccgtactctgccgttagaggtgaaattcttggatcggcggaagacgaactattgcgaaagcatttgccaagaatgttttctttaatcaagagcgaaagtcagaggttcg,OTU_3754,Low,167884,Eukaryota,Chordata,Ascidiacea,Stolidobranchia,Molgulidae,Molgula,Molgula pacifica,Molgula,NA,Unknown Molgula
agccgcggtaattccagctccaacagtgtatgctaaagttgttgcggttgaaaagctcgtagttggattttgggcgagcgcagccggtccgtcgcagggcgtgttactggttgcgttcgcctcaccttcggttctccgtcggtgctcttgactgagtgtcggcggtggccgataagtttactttgaaaaaattagagtgttcaaagcaggctgctcgcctgcatagtgttgcatggaataatggaataggacctcggttctatttagttggttttcggagcacgaggtaatgattaagagggacagtactccgtccgtactctgccgttagaggtgaaattcttggatcggcggaagacgaactactgcgaaagcattcgccaagaatgttttctttaatcaagagcgaaagtcagaggttcg,OTU_3796,Low,7726,Eukaryota,Chordata,Ascidiacea,Stolidobranchia,Styelidae,Styela,Styela plicata,Styela,NA,UnId styelid?
agccgcggtaattccagctccaacagtgtatgctaaagttgttgcggttgaaaagctcgtagttggattttgggtgggcgcagtcggtccgtcgcagggcgtgttactggctgcgctcgccttgccgtcggttctccgccggtgctcttgactgagtgtcggcggtggccgagaagtttactttgaaaaaattagagtgttcaaagcaggctgctcgcctgaatagtgttgcatggaataatggaataggacctcggttctattttgttggttttcggagcgcgaggtaatgattaagagggacagacgggggcgtccgtactctgccgttagaggtgaaattcttggatcggcggaagacgaactactgcgaaagcattcgccaagaatgttttctttaatcaagagcgaaagtcagaggttcg,OTU_3826,High-MH,None,Eukaryota,Chordata,Ascidiacea,Stolidobranchia,Styelidae,NA,NA,NA,NA,Unknown styelidae
agccgcggtaattccagctccaaaagtgtatatttaagttgttgcggttgaaaagctcgtagttggattttgggcgcaggcgcgcggtccgtcgcaaggcgtgcactgcgcgtcctggcctcacccctggtgctccgccggtgcccttgactgggtgtcggcggcggccgggacgtttactttgaaaaaattagagtgttcaaagcaggcggttcgcctgaataatggtgcatggaataatggaataggacctcggttctattttgttggttttcggagcgcgaggtaatgattaagagggacggacgggggcattcgtactgtgccgctagaggtgaaattcttggatcggcgcaagacgaacaactgcgaaagcatttgccaagaatgttttctttaatcaagagcgaaagtcagaggttcg,OTU_3862,Low,79730,Eukaryota,Chordata,Ascidiacea,Enterogona,Ascidiidae,Ascidia,Ascidia sydneiensis,Ascidia,NA,Unknown ascidia spp
agccgcggtaattccagctccaacagtgtatgctaaagttgttgcggttgaaaagctcgtagttggattttgggcgagcgcagccggtccgtcgcagggcgtgttactggttgcgttcgcctcaccttcggttctccgtcggtgctcttgactgagtgtcggcggtggccgataagtttactgctcgcctgcatagtgttgcatggaataatggaataggacctcggttctattttgttggttttcggagcgttggttttcggagcacgaggtaatgtttaagatggacagacgggggcgtccgtactctgccgttagaggtgaaattcttggatcggcggaagacgaactactgcgaaagcattcgccaagaatgttttctttaatcaagagcgaaagtcagaggttcg,OTU_4064,High-MH,None,Eukaryota,Chordata,Ascidiacea,Stolidobranchia,Styelidae,Styela,NA,Styela,NA,"Weird deletion in seq, 100% match but unable to confrim for entire seq"
agccgcggtaattccagctccaacagtgtatgctaaagttgttgcggttgaaaagctcgtagttggatcttgggcgggcgcagtcggtccgtcgcaaggcgtgcacttgctgcgctcgcctcgccttcggttctccgtcggtgctcttgactgagtgtcggcggtggccgataagtttactttgaaaaaattagagtgttcaaagcaggctgctcgcctgaatagtgttgcatggaataatggaataggacctcggttctattttgttggttttcggagcacgaggtaatgattaagagggacagacgggggcgtccgtactctgccgttagaggtgaaattcttggatcggcggaagacgaactactgcgaaagcattcgccaagaatgttttctttaatcaagagcgaaagtcagaggttcg,OTU_4098,High,569430,Eukaryota,Chordata,Ascidiacea,Stolidobranchia,Pyuridae,Halocynthia,Halocynthia spinosa,Halocynthia,NA,Unknown Halocynthia spp.
agccgcggtaattccagctccaacagtgtatgctaaagttgttgcggttgaaaagctcgtagttggatcttgggtgggtgcggccggtccgtcgcaaggcgtgcactggccgcgctcgcctcgccttcggttctccgtcggtgctcttgactgagtgtcggcggtggccgataagtttactttgaaaaaattagagtgttcaaagcaggctgctcgcctgcatagtgttgcatggaataatggaataggacctcggttctattttgttggttttcggagcacgaggtaatgattaagagagacagacgggggcgtccgtactctgccgttagaggtgaaattcttggatcggcggaagacgaactactgcgaaagcattcgccaagaatgccttctttaatcaagagcgaaagtcagaggttcg,OTU_4253,Low,247438,Eukaryota,Chordata,Ascidiacea,Stolidobranchia,Pyuridae,Halocynthia,Halocynthia pyriformis,Halocynthia,NA,Unknown Halocynthia spp.
agccgcggtaattccagctccaacagtgtatgctaaagttgttgcggttgaaaagctcgtagttggattttgggcgagcgcagccggtccgtcgcagggcgtgttactggttgcgttcgcctaaccttcggttctccgtcggtgctcttgactgagtgtcggcggtggccgataagtttactttgaaaaaattaaagtgttcaaagcaggctgctcgcctgcatagtgttgcatggaataatggaataggacctcggttctattttgttggttttcggagcacgaggtaatgattaagagggacagacgggggcgtccgtactctgccgttagaggtgaaattcttggatcggcggaagactaactactgcgaaagcattcgccaagaatgttttctttaatcaagagcgaaagtcagaggttcg,OTU_4277,High-MH,None,Eukaryota,Chordata,Ascidiacea,Stolidobranchia,Styelidae,Styela,NA,Styela,NA,UnId styelid?
agccgcggtaattccagctccaacagtgtatgctaaagttgttgcggttgaaaagctcgtagttggattttgggcgagcgcagccggtccgtcgcagggcgtgttactggttgcgttcgcctcaccttcggttctccgtcggtgctcttgactgagtgtcggcggtggccgataagtttactttgaaaaaattagagtgttcaaagcaggctgctcgcctgcatagtgttgcatggaataatggaataggacctcggttctattttgttggttttcggagcacgaggtaatgattaagagggacagacgtgggcgtccgtactctgccgttagaggtgaaattcttggatcggcggaagactaactactgcgaaagcattcgccaagaatgttttctttaatcaagagtgaaagtcagaggttcg,OTU_4520,High-MH,None,Eukaryota,Chordata,Ascidiacea,Stolidobranchia,Styelidae,Styela,NA,Styela,NA,UnId styelid?
agccgcggtaattccagctccaacagtgtatgctaaagttgttgcggttgaaaagctcgtagttggattttgggcgggcgcagccggtccgtcgcagggcgtgttactggttgcgttcgcctcaccttcggttctccgtcggtgctcttgactgagtgtcggcggtggccgataagtttactttgaaaaaattagagtgttcaaagcaggctgctcgcctgcatagtgttgcatggaataatggaataggacctcggttctattttgttggttttcggagcgcgaggtaatgattaagagggacagacgggggcgtccgtactctgccgttagaggtgaaattcttggatcggcggaagacgaactactgcgaaagcattcgccaagaatgttttctttaatcaagagcgaaagtcagaggttcg,OTU_4755,High-MH,None,Eukaryota,Chordata,Ascidiacea,Stolidobranchia,Styelidae,NA,NA,Styela,NA,UnId styelid?
ggtaattccagctccaattcagccgcggtaattccagctccaacagtgtatgctaaagttgttgcggttgaaaagctcgtagttggatctagggtgtgcgtcgccggtccgtcgcaaggcgtgtcactggcggcgcgtgccttgccttcggttctccgtcggtgctcttgactgagtgtcggcggtggccgataagtttactttgaaaaaattagagtgttcaaagcaggctgttcgcctgtatagtgttgcatggaataatggaataggacctcggttctattttgttggttttcggagcacgaggtaatgattaagagggacagacgggggcgtccgtactctgccgttagaggtgaaattcttggatcggcggaagacgaactactgcgaaagcattcgccaagaatgttttctttaatcaagagcgaaagtcagaggttcg,OTU_4932,High-MH,None,Eukaryota,Chordata,Ascidiacea,Stolidobranchia,Pyuridae,Pyura,NA,Pyura,Pyura hermani,2bp from next in genus
agccgcggtaattccagctccaacagtgtatgctaaagttgttgcggttgaaaagctcgtagttggatattgggcgagcgcggtcggtccgtcgcagggcgtgcactggtcgcgttcgcctcgacttcggttctccgtcggtgctcttgactgagtgtcggcggtggccgagaagtttactttgaaaaaattagagtgttcaaagcaggctggtcgcctgtatagtgttgcatggaataatggaataggacctcggttctattttgttggttttcggaacggaggtaatgattaagagggacagacgggggtgtccgtactctgccgttagaggtgaaattcttggatcggcggaagacgaactactgcgaaagcatttgccgagaatgttttcattagtcaagaacgaaagttagaggttcg,OTU_5001,Low,62808,Eukaryota,Chordata,Ascidiacea,Stolidobranchia,Styelidae,Botrylloides,Botrylloides leachii,Botrylloides,NA,Unknown Botrylloides
agccgcggtaattccagctccaaaagtgtatatttaagttgttgcggttaaaaagctcgtagttggattttgggctcgggccgtcggtccgtcgcaaggcgtgcactggcgtgcccggcctcacctccggttcaccgtcggtgctcttgattgagtgttggcggcggccggaacgtttactttgaaaaaattagagtgttcaaagcaggcggttcgcctgaataatggtgcatggaataatggaataggacctcggttctattttgttggttttcggagcgcgaggtaatgattaagagggacggacgggggcattcgtactgtgccgttagaggtgaaattcttggatcggcgcaagacgaacgactgcgaaagcatttgccaagaatgttttctttaatcaagagcgaaagtcagaggttcg,OTU_5022,Low,569426,Eukaryota,Chordata,Ascidiacea,Enterogona,Pycnoclavellidae,Pycnoclavella,Pycnoclavella aff. detorta TG-2008,NA,NA,Unknown Aploousobranchia
agccgcggtaattccagctccaacagtgtatgctaaagttgttgcggttgaaaagctcgtagttggatcttgggtgggtgcggccggtccgtcgcaaggcgtgcactggccgcgctcgcctcgccttcggttctccgtcggtgctcttgactgagtgtcggcggtggccgataagtttactttgaaaaaattagagtgttcaaagcaggctgctcgcctgcatagtgttgcatggaataatggaataggacctcggttctattttgttggttttcggagcacgaggtaatgattaagagggacagacgggggcgtccgtactctgccgttagaggtgaaattcttggatcggcggaagacgaactactgcgaaagcattcgccaagaatgttttctttaatcaagagcgaaagtcagaggttcg,OTU_5027,High-MH,None,Eukaryota,Chordata,Ascidiacea,Stolidobranchia,Pyuridae,NA,NA,NA,NA,Unknown pyuridae
agccgcggtaattccagctccaacagtgtatgctaaagttgttgcggttgaaaagctcgtagttggattttgggcgagcgcagccggtccgtcgcagggcgtgttactggttgcgttcgcctcaccttcggttctccgtcggtgctcttgactgagtgtcggcggtggccgataagtttactttgaaaaaattagagtgttcaaagcaggctgctcgcctgcatagtgttgcatggaataatggtataatacctcggttctattttgttggttttcggagcacgaggtaatgattaagagggacagacgggggcgtccgtactctgccgttagaggtgaaattcttggatcggcggaagacgaactactgcgaaagcattcgccaagaatgttttctttaatcaagagcgaaagtcagaggttcg,OTU_5052,High-MH,None,Eukaryota,Chordata,Ascidiacea,Stolidobranchia,Styelidae,Styela,NA,Styela,NA,UnId styelid?
agccgcggtaattccagctccaacagtgtatgctaaagttgttgcggttgaaaagctcgtagttggattttgggcgagtgcagccggtccgtcgcagggcgtgttactggttgcgttcgcctcaccttcggttctccatcggtgctcttgactgagtgttggcggtggctgatatgtttactttgaaaaaattagagtgttcaaagcaggctgctcgcctgcatagtgttgcatggaataatggaataggacctcggttctattttgttggttttcggagcacgaggtaatgattaagagggacagacgggggcgtccgtactctgccgttagaggtgaaattcttggatcggcggaagacgaactactgcgaaagcattcgccaagaatgttttctttaatcaagagcgaaagtcagaggttcg,OTU_5224,Low,7726,Eukaryota,Chordata,Ascidiacea,Stolidobranchia,Styelidae,Styela,Styela plicata,Styela,NA,UnId styelid?
agccgcggtaattccagctccaacagtgtatgctgaagttgttgcggttgaaaagcctgtagttggattttgggcgaccgcagccggtccgtcgcagggcgtgttactggttgcgttcgcctcaccttcggttctccgtcggtgctcttgactgagtgtcggcggtggccgataagtttactttgaaaaaattagagtgttcaaagcaggctgctcgcctgcatagtgttgcatggaataatggaataggacctcggttctattttgttggttttcggagcacgaggtaatgattaagagggacagacgggggcgtccgtactctgccgttagaggtgaaattcttggatcggcggaagacgaactactgcgaaagcattcgccaagaatgttttctttaatcaagagcgaaagtcagaggttcg,OTU_5338,High,7726,Eukaryota,Chordata,Ascidiacea,Stolidobranchia,Styelidae,Styela,Styela plicata,Styela,NA,UnId styelid?
tgacgcggttattccagctccaaaagtgtatatttaagttgctgcggttaaaaagctcgtagttggattttgggcgcaggcggccggtccgtcgcaaggcgtgcactggccgacctggccttaccttcggttccccgccggtgctcttgactgagtgtcgacggcggccggaacgtttactttgaaaaaattagagtgttcaaagcaggcggctcgcctgaataatggtgcatggaataatggaataggacctcggttctattttgttggttttcggagcgcgaggtaatgattaagagggacagacgggggcattcgtactgtgacgttagaggtgaaatccttggatcggtgcaagactaacgactgcgaaaccatttgccaagaatgttttctttgatcaagagcgaaagtcagaggttcg,OTU_5866,Low,111868,Eukaryota,Chordata,Ascidiacea,Enterogona,Perophoridae,Perophora,Perophora japonica,Perophora,NA,Unknown Perophora spp