,seqs,OTU,assignmentQual,taxID,superkingdom,phylum,class,order,family,genus,species,Safe assign,CheckedTax,"Notes (Check on 29.10,>97% match with no genus within)"
201,gttaagccatattacaagtcactctgggggagctgtagacttagctattttcagcttacacgtatcaggggcaagtagtattttaggggcaattaattttattactactatttttaacatgcgaggacctgggcttttaatgcatagattacctctttttgtttggagcgtcttaatcacagcttttcttctcttgttgtcactaccagtattagcaggagcaattacaatgctattaacagaccggaacttttcaacaagcttttttgacccaagtggaggtggtgatcccattttatatcaacatcttttt,Zotu202,High,223366,Eukaryota,Chordata,Ascidiacea,Phlebobranchia,Ascidiidae,Ascidia,Ascidia ahodori,Ascidia ahodori,Ascidia ahodori,
523,gttaagccatattacaagtcactctgggggagctgtagacttagctattttcagcttacacgtatcaggtgcaagtagtattttaggggcaattaattttattactactatttttaacatgcgaggacctgggcttttaatgcatagattacctctttttgtttggagtgtcttaatcacagcttttcttctcttgttgtcactaccagtattagcaggagcaattacaatgctattaacagaccggaacttttcaacaagcttttttgacccaagtggaggtggtgatcccattttatatcaacatcttttt,Zotu529,High,223366,Eukaryota,Chordata,Ascidiacea,Phlebobranchia,Ascidiidae,Ascidia,Ascidia ahodori,Ascidia ahodori,Ascidia ahodori,
645,gttaagccatattacaagtcactctgggggagctgtagacttagctattttcagcttacacgtatcaggtgcaagtagtattttaggggcaattaattttattactactatttttaacatgcgaggacctgggcttttaatgcatagattacctctttttgtttggagcgtcttaatcacagcttttcttctcttgttgtcactaccagtattagcaggagcaattacaatgctattaacagaccggaacttttcaacaagcttttttgacccaagtggaggtggtgatcccattttatatcaacatcttttt,Zotu653,High,223366,Eukaryota,Chordata,Ascidiacea,Phlebobranchia,Ascidiidae,Ascidia,Ascidia ahodori,Ascidia ahodori,Ascidia ahodori,
718,attgtctagtggtatcgctcattctgggcctgccgtggattgtgctattttttcccttcacttggctggggtttctagtatcctgggttctatgaactttttggttactatgataaatatgaaagttaaggggtttggaatgatagatttgacattgttttgttgatctattgtttttacaacaattttgttggttttatctcttcctgttttagctgctgctattactatgcttttattagaccgtaatattaatacgagtttctttgatcctggtggtaggggagacccaattctatttcaacatttgttt,Zotu726,High,201964,Eukaryota,Chordata,Ascidiacea,Phlebobranchia,Perophoridae,Perophora,Perophora viridis,Perophora viridis,Perophora viridis,
1401,tttgtcaagaaatttagctcattctggggctgcattagattgtgctattttttcacttcatttggctagggtttctagtattttaaggtctttaaattttataactactttgtttaatataaaagttaagaggtgagggatgttctctatatctctgttttgttgaactgtattagttactactattttgttattattatctttacctgttttagctgcagctattacaatattacttttcgatcgaaattttaatacttctttttttgatccctctgggagaagagatccggttttgtatcagcacttgttt,Zotu1413,High,62808,Eukaryota,Chordata,Ascidiacea,Stolidobranchia,Styelidae,Botrylloides,Botrylloides leachii,Botrylloides,Botrylloides leachii,
1404,gttaagccatattacaagtcactctgggggagctgtagatttagctattttcagcttacacgtatcaggtgcaagtagtattttaggggcaattaattttattactactatttttaacatgcgaggacctgggcttttaatgcatagattacctctttttgtttggagtgtcttaatcacagcttttcttctcttgttgtcactaccagtattagcaggagcaattacaatgctattaacagaccggaacttttcaacaagcttttttgacccaagtggaggtggtgatcccattttatatcaacatcttttt,Zotu1416,High,223366,Eukaryota,Chordata,Ascidiacea,Phlebobranchia,Ascidiidae,Ascidia,Ascidia ahodori,Ascidia ahodori,Ascidia ahodori,
1493,actagctggaaacctagcccactctgggggagcactagattgtgccattttttccttacatctagctagaatttctagtattttaggttctcttaattttatgactacgatgttcaacataaaaactaagggttgggttatattttcaatacctttattttgttggacagtcttagttactacgttacttttattgttaagtttaccagttttggcggctgccattactatattgttgtttgatcgtaatattaatacttccttttttgatcctgttggaggtagggatcctgttttatatcagcacttattc,Zotu1505,High,7726,Eukaryota,Chordata,Ascidiacea,Stolidobranchia,Styelidae,Styela,Styela plicata,Styela plicata,Styela plicata,
1780,attgtcaagaaatttagctcattctggggctgcattagattgtgctattttttcacttcatttggctagggtttctagtattttaaggtctttaaattttataactactttgtttaatataaaagttaagaggtgagggatgttctccatatctctgttttgttgaactgtattagttactactattttgttattattatctttacctgttttagctgcagctattacaatattacttttcgatcgaaattttaatacttctttttttgatccctctgggagaagagatccggttttgtatcagcacttgttt,Zotu1794,High,62808,Eukaryota,Chordata,Ascidiacea,Stolidobranchia,Styelidae,Botrylloides,Botrylloides leachii,Botrylloides,Botrylloides leachii,
2294,actagctggaaacctagcccactctgggggagcactagattgtgccattttttccttacatctagctagaatttctagtattttaggttctcttaattttatgactacgatgttcaacataaaaactaagggttgggttatattttcaatacctttattttgttggacagtcttagttactacgttacttttattgttaagtctaccagttttggcggctgccattactatattgttgtttgatcgtaatattaatacttccttttttgatcctgttggaggtagggatcctgttttatatcagcacttattc,Zotu2311,High,7726,Eukaryota,Chordata,Ascidiacea,Stolidobranchia,Styelidae,Styela,Styela plicata,Styela plicata,Styela plicata,
2329,tttagctgggaatttagcacattcaaggccagcattagatagtgctattttttcactacatttggctagggtttctagtatcttgggtagtttaaattttataactactatatttaatataaaggcaaaaggttggagattatttaatatacctttatttgtatggactgttttagtcacaacggttttattgttattatctttgccagtattagctgcagcaattacaatattgttgtttgatcgtaattttaacacatccttctttgatccagcaggtgggggagatcctatcttatatcaacatttattt,Zotu2346,High,439822,Eukaryota,Chordata,Ascidiacea,Stolidobranchia,Pyuridae,Microcosmus,Microcosmus squamiger,Microcosmus squamiger,Microcosmus squamiger,
2471,tttggcaggtaatttagctcactctaggtctgctttggattgtgctattttttctttacatttagcgagaatttcaagtattttaggttctctgaattttataactactatgtttaatataaaaacaaaaggatgaaatttattttctatacctcttttttgttgaacagttttagtgacaactattctgttgttgttatctttaccggtgctagctgcagctattactatgttgctttttgatcggaattttaatacgactttttttgatcctgcaagaagaagggatccagttttgtatcagcatttgttt,Zotu2490,High,581059,Eukaryota,Chordata,Ascidiacea,Stolidobranchia,Styelidae,Polyandrocarpa,Polyandrocarpa zorritensis,Polyandrocarpa zorritensis,Polyandrocarpa zorritensis,
2712,tctctcaggtaacttagctcatgcgggcccggctgttgattgtgcaattttttctttacacctggctggtgtttctagtattctcggttctattaatttcttagtgacaatgatgggtatgaaggcgggggggtttagttatttaaacttaagtttattttgctggtctgtaatttttactactattttgttggtgctttctcttccggtgttagctgcagctattactatgcttctttttgatcgtaattttaacacaagtttctttgatcccggtgggaggggggatccaatcctataccagcatttgttt,Zotu2732,High,201961,Eukaryota,Chordata,Ascidiacea,Phlebobranchia,Ascidiidae,Ascidiella,Ascidiella aspersa,Ascidiella aspersa,Ascidiella aspersa,
2751,tttagctgggaatttagcacattcaaggccagcattagatagtgctattttttcactacatttggctagggtttctagtatcttgggtagtttaaattttataactactatatttaatataaaggcaaaaggttggagattatttaatatacctttatttgtatggactgttttagtcacaacggttttattgttgttatctttgccagtattagctgcagcaattacaatattgttgtttgatcgtaattttaacacatccttctttgatccagcaggtgggggagatcctatcttatatcaacatttattt,Zotu2771,High,439822,Eukaryota,Chordata,Ascidiacea,Stolidobranchia,Pyuridae,Microcosmus,Microcosmus squamiger,Microcosmus squamiger,Microcosmus squamiger,
2845,tttgtcaagaaatttagctcattctggggctgcattagattgtgctattttttcacttcatttggctagggtttctagtattttaaggtctttaaattttataactactttgtttaatataaaagttaagaggtgagggatgttctcgatatctctgttttgttgaactgtattagttactactattttgttattattatctttacctgttttagctgcagctattacaatattacttttcgatcgaaattttaatacttctttttttgatccctctgggagaagagatccggttttgtatcaacacttgttt,Zotu2867,High,62808,Eukaryota,Chordata,Ascidiacea,Stolidobranchia,Styelidae,Botrylloides,Botrylloides leachii,Botrylloides,Botrylloides leachii,
3079,gttaagccatattacaagtcactctgggggagctgtagacttagctattttcagcttacacgtatcaggtgcaagtagtattttaggggcaattaattttattactactatttttaacatgcgaggacctgggcttttaatgcatagattacctctttttgtttggagcgtcttaatcacagcttttcttctcttgttgtcactaccagtattagcaggagcaattacaatgctattaacagaccggaacttttcaacaagcttttttgacccaagtggaggtggagatcccattttatatcaacatcttttt,Zotu3101,High,223366,Eukaryota,Chordata,Ascidiacea,Phlebobranchia,Ascidiidae,Ascidia,Ascidia ahodori,Ascidia ahodori,Ascidia ahodori,
4654,tttagctgggaatttagcacattcaaggccagcattagatagtgctattttttcactacatttggctagagtttctagtatcttgggtagtttaaattttataactactatatttaatataaaggcaaaaggttggagattatttaatatacctttatttgtatggactgttttagtcacaacggttttattgttattatctttgccagtattagctgcagcaattacaatattgttgtttgatcgtaattttaacacatccttctttgatccagcaggtgggggagatcctatcttatatcaacatttattt,Zotu4702,High,439822,Eukaryota,Chordata,Ascidiacea,Stolidobranchia,Pyuridae,Microcosmus,Microcosmus squamiger,Microcosmus squamiger,Microcosmus squamiger,
4955,tctctcaggtaacttagctcatgcgggcccggctgttgattgtgcaattttttctttacacctggctggtgtttctagtattctcggttctattaatttcttagtgacaatgatgggtatgaaggcgggggggtttagttatttaaacttaagtttattttgctggtctgtaatttttactactattttgttggtgctttctcttccggtgttggctgcagctattactatgcttctttttgatcgtaattttaacacaagtttctttgatcccggtgggaggggggatccaatcctataccagcatttgttt,Zotu5006,High,201961,Eukaryota,Chordata,Ascidiacea,Phlebobranchia,Ascidiidae,Ascidiella,Ascidiella aspersa,Ascidiella aspersa,Ascidiella aspersa,
5187,attatctgcttttggtgctcacccttctagtgctgttgacataagaattttttcattacatttagcaagagtatctagcattttaagatctataaattttttagtgactttgagaaatataaaaacaaaaagaataagatttttttcttatcctcttttttgttgagctgttttagttactacagtattattagtattatctttacctgttttagcagcagcaattactatattacttttcgatcgtaatttaaatacaagtttttttgatccatctagaagaagagatcctgttctttttcaacatcttttt,Zotu5243,High,168635,Eukaryota,Chordata,Ascidiacea,Aplousobranchia,Didemnidae,Diplosoma,Diplosoma listerianum,Diplosoma listerianum,Diplosoma listerianum,
5368,tttggcaggtaatttagctcactctaggtctgctttggattgtgctattttttctttacatttagcgagaatttcaagtattttaggttctctgaattttataactactatgtttaacataaaaacaaaaggatgaaatttattttctatacctcttttttgttgaacagttttagtgacaactattctgttgttgttatctttaccggtgctagctgcagctattactatgttgctttttgatcggaattttaatacgactttttttgatcctgcaagaagaagggatccagttttgtatcagcatttgttt,Zotu5429,High,581059,Eukaryota,Chordata,Ascidiacea,Stolidobranchia,Styelidae,Polyandrocarpa,Polyandrocarpa zorritensis,Polyandrocarpa zorritensis,Polyandrocarpa zorritensis,
6226,tttagctgggaatttagcacattcaaggccagcattagatagtgctattttttcattacatttggctagggtttctagtatcttgggtagtttaaattttataactactatatttaatataaaggcaaaaggttggagattatttaatatacctttatttgtatggactgttttagtcacaacggttttattgttattatctttgccagtattagctgcagcaattacaatattgttgtttgatcgtaattttaacacatccttctttgatccagcaggtgggggagatcctatcttatatcaacatttattt,Zotu6303,High,439822,Eukaryota,Chordata,Ascidiacea,Stolidobranchia,Pyuridae,Microcosmus,Microcosmus squamiger,Microcosmus squamiger,Microcosmus squamiger,
6342,tttggcaggtaatttagctcactctaggtctgctttggattgtgctattttttctttacatttagcgagaatttcaagtattttaggttctctgaattttataactactatgtttaacataaaaacaaaaggatgaaatttattttctatacctcttttttgttgaacagttttagtgacaactattctgttgttgttatctttaccggtgctagctgcggctattactatgttgctttttgatcggaattttaatacgactttttttgatcctgcaagaagaagggatccagttttgtatcagcatttgttt,Zotu6420,High,581059,Eukaryota,Chordata,Ascidiacea,Stolidobranchia,Styelidae,Polyandrocarpa,Polyandrocarpa zorritensis,Polyandrocarpa zorritensis,Polyandrocarpa zorritensis,
7043,cctctcaggtaacttagctcatgcgggcccggctgttgattgtgcaattttttctttacacctggctggtgtttctagtattctcggttctattaatttcttagtgacaatgatgggtatgaaggcgggggggtttagttatttaaacttaagtttattttgctggtctgtaatttttactactattttgttggtgctttctcttccggtgttggctgcagctattactatgcttctttttgatcgtaattttaacacaagtttctttgatcccggtgggaggggggatccaatcctataccagcatttgttt,Zotu7137,High,201961,Eukaryota,Chordata,Ascidiacea,Phlebobranchia,Ascidiidae,Ascidiella,Ascidiella aspersa,Ascidiella aspersa,Ascidiella aspersa,
7347,attatctggcattttagctcatagtagtggggctgtagatataggtattttttctttacatttagctagggtttctagtattttaaggtctataaattttttagttacaataagtaatatgaaattaaaaggttttgattataataatttaagtttattttgttgatctgttgttgtaaccactgttttactggtgctatctctacctgttttagctgctgctattaccatactgctttttgatcgtaatttaaatactagtttttttgatcctataggaaggagagatcctattctttttcaacatttattt,Zotu7446,High,159417,Eukaryota,Chordata,Ascidiacea,Aplousobranchia,Clavelinidae,Clavelina,Clavelina lepadiformis,Clavelina lepadiformis,Clavelina lepadiformis,
8394,tctttctaggaacttagctcattctagggctgcccttgattgtgctattttttctttacatttggcaagggtttctagtattttgagatctttgaattttatgactactttgtttaatataaagagtaaaggatgaaggttatttaatatgtctttgttttgttggactgttttagttactactgtcttgttgcttttgtccttgccggttttggcagctgctattactatgttgttgtttgatcgtaattttaattcttctttttttgatccttctggtggaggagatcctgttctttatcagcatttattt,Zotu8517,Low,1656920,Eukaryota,Chordata,Ascidiacea,Stolidobranchia,Styelidae,Symplegma,Symplegma brakenhielmi,Unknown,Symplegma,
9320,tttatcaaggaatttagctcattccggagctgctttagattgtgctattttctcccttcatttagctagagtttctagtattttaagatctttaaattttataaccactttgtttaatataaaagtaaaaaggtggaggatattttcaatatctttgttctgttgaactgttttagttacgactattttgttacttttatctttacctgttttggctgcagctattacaatgttacttttcgatcgaaattttaacacttccttttttgatccttctaggagaggagatccggttttgtatcagcacttgttt,Zotu9466,High,1256663,Eukaryota,Chordata,Ascidiacea,Stolidobranchia,Styelidae,Botrylloides,Botrylloides nigrum,Botrylloides nigrum,Botrylloides nigrum,
9690,tttagctgggaatttagcacattcaaggccagcattagatagtgctattttttcactacatttagctagggtttctagtatcttgggtagtttaaattttataactactatatttaatataaaggcaaaaggttggagattatttaatatacctttatttgtatggactgttttagtcacaacggttttattgttattatctttgccagtattagctgcagcaattacaatattgttgtttgatcgtaattttaacacatccttctttgatccagcaggtgggggagatcctatcttatatcaacatttattt,Zotu9844,High,439822,Eukaryota,Chordata,Ascidiacea,Stolidobranchia,Pyuridae,Microcosmus,Microcosmus squamiger,Microcosmus squamiger,Microcosmus squamiger,
10157,tttggcaggtaatttagctcattctaggtctgctttggattgtgctattttttctttacatctagcgagaatttcaagtattttaggttctctgaattttataactactatgtttaacataaaaacaaaaggatgaaatttattttctatgccccttttttgttgaactgttttagtgacaactattctgttgttgttatctttaccggtgctagctgcagctattactatgttgctttttgatcggaattttaatacaactttttttgatcctgcaagaagaagggatccagttttgtatcagcatttgttt,Zotu10324,Low,581059,Eukaryota,Chordata,Ascidiacea,Stolidobranchia,Styelidae,Polyandrocarpa,Polyandrocarpa zorritensis,Polyandrocarpa zorritensis,Polyandrocarpa zorritensis,
10296,attgtcaagaaatttagctcattctggggctgcattagattgtgctattttttcacttcatttggctagggtttctagtattttaaggtctttaaattttataactactttgtttaatataaaagttaagaggtgagggatgttctccatatctctgttttgttgaactgtattagttactactattttgttattattatctttacctgttttagctgcagctattacaatattacttttcgatcgaaattttaatacttctttttttgatccctctgggagaagagatccggttttgtatcagcacctgttt,Zotu10465,High,62808,Eukaryota,Chordata,Ascidiacea,Stolidobranchia,Styelidae,Botrylloides,Botrylloides leachii,Botrylloides,Botrylloides leachii,
10400,tttggcaggtaatttagctcactctaggtctgctttggattgtgctattttttctttacatttagcgagaatttcaagtattttaggttctcttaattttataactactatgtttaatataaaaacaaaaggatgaaatttattttctatacctcttttttgttgaacagttttagtgacaactattctgttgttgttatctttaccggtgctagctgcagctattactatgttgctttttgatcggaattttaatacgactttttttgatcctgcaagaagaagggatccagttttgtatcagcatttgttt,Zotu10574,High,581059,Eukaryota,Chordata,Ascidiacea,Stolidobranchia,Styelidae,Polyandrocarpa,Polyandrocarpa zorritensis,Polyandrocarpa zorritensis,Polyandrocarpa zorritensis,
10892,tttagctgggaatttagcacattcaaggccagcattagatagtgctattttttcactacatttggctagggtttctagtatcttgggtagtttaaattttataactactatatttaatataaaggcaaaaggttggagattatttaatatacctttatttgtatggactgttttagtcacaacggttttattgttattatctttgccagtattagctgcagcaattacaatattgttgtttgatcgtaattttaacacatccttctttgatccagcaggtgggggggatcctatcttatatcaacatttattt,Zotu11073,High,439822,Eukaryota,Chordata,Ascidiacea,Stolidobranchia,Pyuridae,Microcosmus,Microcosmus squamiger,Microcosmus squamiger,Microcosmus squamiger,
11055,actttctggaaatttggcccattctggggcagcactagattgtgctattttttctcttcatttggcaagagtttctagtattttaaggtcactaaacttcataactactttgtttaatataaaggtgaaaggttggggaatattctctatgcctttattttgttgaactgtcttagtgaccactattttgcttcttttgtccttaccagttttggcggcggccattacaatattacttttcgatcgtaattttaacacttctttttttgacccttctgggagaagggatccggttttgtatcagcatttgttt,Zotu11237,High,2034436,Eukaryota,Chordata,Ascidiacea,Stolidobranchia,Styelidae,Botrylloides,Botrylloides giganteus,Botrylloides giganteus,Botrylloides giganteus,
11378,cctttctagaaatctagctcattctagagctgctttggattgtgctattttttctttacatttggctagagtgtctagtattttaagatctcttaactttatgactactttgtttaatataaaggtaaaaggttggggactcttttctatatctttgttttgttgaactgtattggtcactactattttgttattactatctttacctgttttggcagctgctattactatgttattgtttgatcgaaattttaatacttctttttttgacccgtctagagggggggatcctgttttataccaacatttgttt,Zotu11569,High,30301,Eukaryota,Chordata,Ascidiacea,Stolidobranchia,Styelidae,Botryllus,Botryllus schlosseri,Botryllus schlosseri,Botryllus schlosseri,
12967,actagctggaaacctagcccactctgggggagcactagattgtgccattttttccttacatctagctagaatttctagtattttaggttctcttaattttatgactacgatgttcaacataaaaactaagggttgggttatattttcaatacctttattttgttggacagtcttagttactacgttacttttattgttaagtctaccagttttggcggctgccattactatattgttgtttgatcgtaatcttaatacttccttttttgatcctgttggaggtagggatcctgttttatatcagcacttattc,Zotu13194,High,7726,Eukaryota,Chordata,Ascidiacea,Stolidobranchia,Styelidae,Styela,Styela plicata,Styela plicata,Styela plicata,
13817,tttatctgcaaatatcagacactctaatactagagttgatatagctattttttctttacatttagctagagtttctagtattttaagatcagttaattttttagttactttatttaatataaaaaataaaagaaaatcaataagtaatttaagtttattttgttgatctttaattgttacaactattttactagtactatcacttcctgttttagctgcagcaattactatattattatttgatcgaaattttaatactacgttctttgatccgaatgggagaagagatccaattttatatcaacatttattt,Zotu14060,High-MH,None,Eukaryota,Chordata,Ascidiacea,Phlebobranchia,Cionidae,Ciona,NA,Ciona,Ciona robusta,
14948,tttagctgggaatttagcacattcaaggccagcattagatagtgctattttttcactacatttggctagggtttctagtatcttgggtagtttaaattttataactactatatttaatataaaggcaaaaggttggagattatttaatatacctttatttgtatggacggttttagtcacaacggttttattgttattatctttgccagtattagctgcagcaattacaatattgttgtttgatcgtaattttaacacatccttctttgatccagcaggtgggggagatcctatcttatatcaacatttattt,Zotu15212,High,439822,Eukaryota,Chordata,Ascidiacea,Stolidobranchia,Pyuridae,Microcosmus,Microcosmus squamiger,Microcosmus squamiger,Microcosmus squamiger,
15512,tttggcaggtaatttagctcactctaggtctgccttggattgtgctattttttctttacatttagcgagaatttcaagtattttaggttctctgaattttataactactatgtttaatataaaaacaaaaggatgaaatttattttctatacctcttttttgttgaacagttttagtgacaactattctgttgttgttatctttaccggtgctagctgcagctattactatgttgctttttgatcggaattttaatacgactttttttgatcctgcaagaagaagggatccagttttgtatcagcatttgttt,Zotu15789,High,581059,Eukaryota,Chordata,Ascidiacea,Stolidobranchia,Styelidae,Polyandrocarpa,Polyandrocarpa zorritensis,Polyandrocarpa zorritensis,Polyandrocarpa zorritensis,
17310,tttagctgggaatttagcacattcaaggccagcattagatagtgctattttttcactacatttggctagggtttctagtatcttgggtagtttaaattttataactactatatttaatataaaggcaaaaggttggagattatttaatatacctttatttgtatgaactgttttagttacaacggttttattgttactatctctgccagtattagctgcagcaattacaatattgttgtttgatcgtaattttaatacatccttctttgatccagcaggtgggggagatcctatcttatatcaacacttattt,Zotu17634,High,439822,Eukaryota,Chordata,Ascidiacea,Stolidobranchia,Pyuridae,Microcosmus,Microcosmus squamiger,Microcosmus squamiger,Microcosmus squamiger,
18588,tctctcaggtaacttagctcatgcgggcccggctgttgattgtgcaattttttctttacacctggctggtgtttctagtattctcggttctattaatttcttagtgacaatgataggtatgaaggcgggggggtttagttatttaaacttaagtttattttgctggtctgtaatttttactactattttgttggtgctttctcttccggtgttggctgcagctattactatgcttctttttgatcgtaattttaacacaagtttctttgatcccggtgggaggggggatccaatcctataccagcatttgttt,Zotu18955,High,201961,Eukaryota,Chordata,Ascidiacea,Phlebobranchia,Ascidiidae,Ascidiella,Ascidiella aspersa,Ascidiella aspersa,Ascidiella aspersa,
18771,actagctggaaatctagcccactctgggggagcactagattgtgccattttttccttacatctagctagaatttctagtattttaggttctcttaattttatgactacgatgttcaacataaaaactaagggttgggttatattttcaatacctttattttgttggacagtcttagttactacgttacttttattgttaagtctaccagttttggcggctgccattactatattgttgtttgatcgtaatcttaatacttccttttttgatcctgttggaggtagggatcctgttttatatcagcacttattc,Zotu19143,High,7726,Eukaryota,Chordata,Ascidiacea,Stolidobranchia,Styelidae,Styela,Styela plicata,Styela plicata,Styela plicata,
19951,attgtcaagaaatttagctcattctggggctgcattagattgtgctattttttcacttcatttggctagggtttctagtattttaaggtctttaaattttataactactttgtttaatataaaagttaagaggtgagggatgttctccatatctctgttttgttgaactgtattagttactactattttgttattattatctttacctgttttagctgcagctattacaatattacttttcgatcgaaattttaatacttctttttttgatccctctgggggaagagatccggttttgtatcagcacttgttt,Zotu20364,High,62808,Eukaryota,Chordata,Ascidiacea,Stolidobranchia,Styelidae,Botrylloides,Botrylloides leachii,Botrylloides,Botrylloides leachii,
20375,tttagctgggaatttagcacattcaaggccagcattagatagtgctattttttcactacatttggctagggtttctagtatcttgggtagtttaaattttataactactatatttaatataaaggcaaaaggttggagattatttaatatacctttatttgtatggactgttttagtcacaacggttttattgttattatctttgccagtattagctgcagcaattacaatattgttgtttgatcgtaattttaacacatccttttttgatccagcaggtgggggagatcctatcttatatcaacatttattt,Zotu20795,High,439822,Eukaryota,Chordata,Ascidiacea,Stolidobranchia,Pyuridae,Microcosmus,Microcosmus squamiger,Microcosmus squamiger,Microcosmus squamiger,
22706,tttagctgggaatttagcacattcaaggccagcattagatagtgctattttttcactacatttggccagggtttctagtatcttgggtagtttaaattttataactactatatttaatataaaggcaaaaggttggagattatttaatatacctttatttgtatggactgttttagtcacaacggttttattgttattatctttgccagtattagctgcagcaattacaatattgttgtttgatcgtaattttaacacatccttctttgatccagcaggtgggggagatcctatcttatatcaacatttattt,Zotu23202,High,439822,Eukaryota,Chordata,Ascidiacea,Stolidobranchia,Pyuridae,Microcosmus,Microcosmus squamiger,Microcosmus squamiger,Microcosmus squamiger,
24100,tttggcaggtaatttagctcattctaggtctgctttggattgtgctattttttctttacatctagcgagaatttcaagtattttaggttctctgaattttataactactatgtttaacataaaaacaaaaggatgaaatttattttctatacctcttttttgttgaacagttttagtgacaactattctgctgttgttatctttaccggtgctagctgcagctattactatgttgctttttgatcggaattttaatacgactttttttgatcctgcaagaagaagggatccagttttgtatcagcatttgttt,Zotu24642,High,581059,Eukaryota,Chordata,Ascidiacea,Stolidobranchia,Styelidae,Polyandrocarpa,Polyandrocarpa zorritensis,Polyandrocarpa zorritensis,Polyandrocarpa zorritensis,
25946,tttagctgggaatttagcacattcaaggccagcattagatagtgctattttttcactacatttggctagggtttctagtatcttgggtagtttaaattttataactactatatttaatataaaggcaaaaggttggagattatttaatatacctttatttgtatgaactgttttagttacaacggttttattgttattatctctgccagtattagctgcagcaattacaatattgttgtttgatcgtaattttaatacatccttctttgatccagcaggtgggggagatcctattttatatcaacacttattt,Zotu26569,High,439822,Eukaryota,Chordata,Ascidiacea,Stolidobranchia,Pyuridae,Microcosmus,Microcosmus squamiger,Microcosmus squamiger,Microcosmus squamiger,
27942,ctttctagaaacttagctcattctagagctgctttggattgtgctattttttctttacatttggctagagtgtctagtattttaagatctcttaactttataactactttgtttaatataaaggtaaaaggttggggacttttttctatatctttgttttgttgaactgtattggtcactactattttgttattattatctttacctgttttggcagctgctattactatgctgttgtttgatcgaaattttaatacttctttttttgacccatctagagggggagatcctgttttatatcaacatttgttt,Zotu28638,High,30301,Eukaryota,Chordata,Ascidiacea,Stolidobranchia,Styelidae,Botryllus,Botryllus schlosseri,Botryllus schlosseri,Botryllus schlosseri,
34034,actagctggaaacctagcccactctgggggagcactagattgtgccattttttccttacatctagctagaatttctagtattttaggttctcttaattttatgactacgatgttcaacataaaaactaagggttgggttatgttttcaatacctttattttgttggacagtcttagttactacgttacttttattgttaagtctaccagttttggcggctgccattactatattgttgtttgatcgtaatcttaatacttccttttttgaccctgttggaggtagggatcctgttttatatcagcacttattc,Zotu35014,High,7726,Eukaryota,Chordata,Ascidiacea,Stolidobranchia,Styelidae,Styela,Styela plicata,Styela plicata,Styela plicata,
61825,tttagctgggaatttagcacattcaaggccagcattggatagtgctattttttcattacatttggctagggtttctagtatcttgggtagtttaaattttataactactatatttaatataaaggcaaaaggttggagattatttaatatacctttatttgtatggactgttttagtcacaacggttttattgttattatctttgccagtattagctgcagcaattacaatattgttgtttgatcgtaattttaacacatccttctttgatccagcaggtgggggagatcctatcttatatcaacatttattt,Zotu64432,High,439822,Eukaryota,Chordata,Ascidiacea,Stolidobranchia,Pyuridae,Microcosmus,Microcosmus squamiger,Microcosmus squamiger,Microcosmus squamiger,