seqs,OTU,assignmentQual,taxID,superkingdom,phylum,class,order,family,genus,species,Safe assign,CheckedTax,"Notes (Check on 29.10,>97% match with no genus within)"
gttaagccatattacaagtcactctgggggagctgtagacttagctattttcagcttacacgtatcaggggcaagtagtattttaggggcaattaattttattactactatttttaacatgcgaggacctgggcttttaatgcatagattacctctttttgtttggagcgtcttaatcacagcttttcttctcttgttgtcactaccagtattagcaggagcaattacaatgctattaacagaccggaacttttcaacaagcttttttgacccaagtggaggtggtgatcccattttatatcaacatcttttt,OTU_218,High,223366,Eukaryota,Chordata,Ascidiacea,Enterogona,Ascidiidae,Ascidia,Ascidia ahodori,Ascidia ahodori,Ascidia ahodori,Two indepedant seqs withint 97% (other ascidia species > 20% identiity diff!)
gttaagccatattacaagtcactctgggggagctgtagacttagctattttcagcttacacgtatcaggtgcaagtagtattttaggggcaattaattttattactactatttttaacatgcgaggacctgggcttttaatgcatagattacctctttttgtttggagtgtcttaatcacagcttttcttctcttgttgtcactaccagtattagcaggagcaattacaatgctattaacagaccggaacttttcaacaagcttttttgacccaagtggaggtggtgatcccattttatatcaacatcttttt,OTU_551,High,223366,Eukaryota,Chordata,Ascidiacea,Enterogona,Ascidiidae,Ascidia,Ascidia ahodori,Ascidia ahodori,Ascidia ahodori,Two indepedant seqs withint 97%
gttaagccatattacaagtcactctgggggagctgtagacttagctattttcagcttacacgtatcaggtgcaagtagtattttaggggcaattaattttattactactatttttaacatgcgaggacctgggcttttaatgcatagattacctctttttgtttggagcgtcttaatcacagcttttcttctcttgttgtcactaccagtattagcaggagcaattacaatgctattaacagaccggaacttttcaacaagcttttttgacccaagtggaggtggtgatcccattttatatcaacatcttttt,OTU_635,High,223366,Eukaryota,Chordata,Ascidiacea,Enterogona,Ascidiidae,Ascidia,Ascidia ahodori,Ascidia ahodori,Ascidia ahodori,Two indepedant seqs withint 97%
attgtctagtggtatcgctcattctgggcctgccgtggattgtgctattttttcccttcacttggctggggtttctagtatcctgggttctatgaactttttggttactatgataaatatgaaagttaaggggtttggaatgatagatttgacattgttttgttgatctattgtttttacaacaattttgttggttttatctcttcctgttttagctgctgctattactatgcttttattagaccgtaatattaatacgagtttctttgatcctggtggtaggggagacccaattctatttcaacatttgttt,OTU_711,High,201964,Eukaryota,Chordata,Ascidiacea,Enterogona,Perophoridae,Perophora,Perophora viridis,Perophora viridis,Perophora viridis,100% macth 
tttgtcaagaaatttagctcattctggggctgcattagattgtgctattttttcacttcatttggctagggtttctagtattttaaggtctttaaattttataactactttgtttaatataaaagttaagaggtgagggatgttctctatatctctgttttgttgaactgtattagttactactattttgttattattatctttacctgttttagctgcagctattacaatattacttttcgatcgaaattttaatacttctttttttgatccctctgggagaagagatccggttttgtatcagcacttgttt,OTU_1440,High,62808,Eukaryota,Chordata,Ascidiacea,Stolidobranchia,Styelidae,Botrylloides,Botrylloides leachii,Botrylloides leachii,Botrylloides leachii,100% macth 
tttagctgggaatttagcacattcaaggccagcattagatagtgctattttttcactacatttggctagggtttctagtatcttgggtagtttaaattttataactactatatttaatataaaggcaaaaggttggagattatttaatatacctttatttgtatggactgttttagtcacaacggttttattgttattatctttgccagtattagctgcagcaattacaatattgttgtttgatcgtaattttaacacatccttctttgatccagcaggtgggggagatcctatcttatatcaacatttattt,OTU_1507,High,439822,Eukaryota,Chordata,Ascidiacea,Stolidobranchia,Pyuridae,Microcosmus,Microcosmus squamiger,Microcosmus,Microcosmus squamiger,100% macth 
actagctggaaacctagcccactctgggggagcactagattgtgccattttttccttacatctagctagaatttctagtattttaggttctcttaattttatgactacgatgttcaacataaaaactaagggttgggttatattttcaatacctttattttgttggacagtcttagttactacgttacttttattgttaagtttaccagttttggcggctgccattactatattgttgtttgatcgtaatattaatacttccttttttgatcctgttggaggtagggatcctgttttatatcagcacttattc,OTU_1572,High,7726,Eukaryota,Chordata,Ascidiacea,Stolidobranchia,Styelidae,Styela,Styela plicata,Styela plicata,Styela plicata,100% macth 
gttaagccatattacaagtcactctgggggagctgtagatttagctattttcagcttacacgtatcaggtgcaagtagtattttaggggcaattaattttattactactatttttaacatgcgaggacctgggcttttaatgcatagattacctctttttgtttggagtgtcttaatcacagcttttcttctcttgttgtcactaccagtattagcaggagcaattacaatgctattaacagaccggaacttttcaacaagcttttttgacccaagtggaggtggtgatcccattttatatcaacatcttttt,OTU_1632,High,223366,Eukaryota,Chordata,Ascidiacea,Enterogona,Ascidiidae,Ascidia,Ascidia ahodori,Ascidia ahodori,Ascidia ahodori,Two indepedant seqs withint 97%
attgtcaagaaatttagctcattctggggctgcattagattgtgctattttttcacttcatttggctagggtttctagtattttaaggtctttaaattttataactactttgtttaatataaaagttaagaggtgagggatgttctccatatctctgttttgttgaactgtattagttactactattttgttattattatctttacctgttttagctgcagctattacaatattacttttcgatcgaaattttaatacttctttttttgatccctctgggagaagagatccggttttgtatcagcacttgttt,OTU_1679,High,62808,Eukaryota,Chordata,Ascidiacea,Stolidobranchia,Styelidae,Botrylloides,Botrylloides leachii,Botrylloides,Botrylloides,Leachii and diegensis both 100% match
actagctggaaacctagcccactctgggggagcactagattgtgccattttttccttacatctagctagaatttctagtattttaggttctcttaattttatgactacgatgttcaacataaaaactaagggttgggttatattttcaatacctttattttgttggacagtcttagttactacgttacttttattgttaagtctaccagttttggcggctgccattactatattgttgtttgatcgtaatattaatacttccttttttgatcctgttggaggtagggatcctgttttatatcagcacttattc,OTU_2210,High,7726,Eukaryota,Chordata,Ascidiacea,Stolidobranchia,Styelidae,Styela,Styela plicata,Styela plicata,Styela plicata,100% macth 
tctctcaggtaacttagctcatgcgggcccggctgttgattgtgcaattttttctttacacctggctggtgtttctagtattctcggttctattaatttcttagtgacaatgatgggtatgaaggcgggggggtttagttatttaaacttaagtttattttgctggtctgtaatttttactactattttgttggtgctttctcttccggtgttagctgcagctattactatgcttctttttgatcgtaattttaacacaagtttctttgatcccggtgggaggggggatccaatcctataccagcatttgttt,OTU_2469,High,201961,Eukaryota,Chordata,Ascidiacea,Enterogona,Ascidiidae,Ascidiella,Ascidiella aspersa,Ascidiella aspersa,Ascidiella aspersa,Good number of seqs
tttggcaggtaatttagctcactctaggtctgctttggattgtgctattttttctttacatttagcgagaatttcaagtattttaggttctctgaattttataactactatgtttaatataaaaacaaaaggatgaaatttattttctatacctcttttttgttgaacagttttagtgacaactattctgttgttgttatctttaccggtgctagctgcagctattactatgttgctttttgatcggaattttaatacgactttttttgatcctgcaagaagaagggatccagttttgtatcagcatttgttt,OTU_2536,High,581059,Eukaryota,Chordata,Ascidiacea,Stolidobranchia,Styelidae,Polyandrocarpa,Polyandrocarpa zorritensis,Polyandrocarpa zorritensis,Polyandrocarpa zorritensis,
tttagctgggaatttagcacattcaaggccagcattagatagtgctattttttcactacatttggctagggtttctagtatcttgggtagtttaaattttataactactatatttaatataaaggcaaaaggttggagattatttaatatacctttatttgtatggactgttttagtcacaacggttttattgttgttatctttgccagtattagctgcagcaattacaatattgttgtttgatcgtaattttaacacatccttctttgatccagcaggtgggggagatcctatcttatatcaacatttattt,OTU_2884,High,439822,Eukaryota,Chordata,Ascidiacea,Stolidobranchia,Pyuridae,Microcosmus,Microcosmus squamiger,Microcosmus squamiger,Microcosmus squamiger,
tttgtcaagaaatttagctcattctggggctgcattagattgtgctattttttcacttcatttggctagggtttctagtattttaaggtctttaaattttataactactttgtttaatataaaagttaagaggtgagggatgttctcgatatctctgttttgttgaactgtattagttactactattttgttattattatctttacctgttttagctgcagctattacaatattacttttcgatcgaaattttaatacttctttttttgatccctctgggagaagagatccggttttgtatcaacacttgttt,OTU_2905,High,62808,Eukaryota,Chordata,Ascidiacea,Stolidobranchia,Styelidae,Botrylloides,Botrylloides leachii,Botrylloides,Botrylloides,Leachii and diegensis both 99% match
tctctcaggtaacttagctcatgcgggcccggctgttgattgtgcaattttttctttacacctggctggtgtttctagtattctcggttctattaatttcttagtgacaatgatgggtatgaaggcgggggggtttagttatttaaacttaagtttattttgctggtctgtaatttttactactattttgttggtgctttctcttccggtgttggctgcagctattactatgcttctttttgatcgtaattttaacacaagtttctttgatcccggtgggaggggggatccaatcctataccagcatttgttt,OTU_3541,High,201961,Eukaryota,Chordata,Ascidiacea,Enterogona,Ascidiidae,Ascidiella,Ascidiella aspersa,Ascidiella aspersa,Ascidiella aspersa,
gttaagccatattacaagtcactctgggggagctgtagacttagctattttcagcttacacgtatcaggtgcaagtagtattttaggggcaattaattttattactactatttttaacatgcgaggacctgggcttttaatgcatagattacctctttttgtttggagcgtcttaatcacagcttttcttctcttgttgtcactaccagtattagcaggagcaattacaatgctattaacagaccggaacttttcaacaagcttttttgacccaagtggaggtggagatcccattttatatcaacatcttttt,OTU_4207,High,223366,Eukaryota,Chordata,Ascidiacea,Enterogona,Ascidiidae,Ascidia,Ascidia ahodori,Ascidia ahodori,Ascidia ahodori,
tttggcaggtaatttagctcactctaggtctgctttggattgtgctattttttctttacatttagcgagaatttcaagtattttaggttctctgaattttataactactatgtttaacataaaaacaaaaggatgaaatttattttctatacctcttttttgttgaacagttttagtgacaactattctgttgttgttatctttaccggtgctagctgcagctattactatgttgctttttgatcggaattttaatacgactttttttgatcctgcaagaagaagggatccagttttgtatcagcatttgttt,OTU_4712,High,581059,Eukaryota,Chordata,Ascidiacea,Stolidobranchia,Styelidae,Polyandrocarpa,Polyandrocarpa zorritensis,Polyandrocarpa zorritensis,Polyandrocarpa zorritensis,
attatctgcttttggtgctcacccttctagtgctgttgacataagaattttttcattacatttagcaagagtatctagcattttaagatctataaattttttagtgactttgagaaatataaaaacaaaaagaataagatttttttcttatcctcttttttgttgagctgttttagttactacagtattattagtattatctttacctgttttagcagcagcaattactatattacttttcgatcgtaatttaaatacaagtttttttgatccatctagaagaagagatcctgttctttttcaacatcttttt,OTU_4962,High,168635,Eukaryota,Chordata,Ascidiacea,Enterogona,Didemnidae,Diplosoma,Diplosoma listerianum,Diplosoma listerianum,Diplosoma listerianum,
tttggcaggtaatttagctcactctaggtctgctttggattgtgctattttttctttacatttagcgagaatttcaagtattttaggttctctgaattttataactactatgtttaacataaaaacaaaaggatgaaatttattttctatacctcttttttgttgaacagttttagtgacaactattctgttgttgttatctttaccggtgctagctgcggctattactatgttgctttttgatcggaattttaatacgactttttttgatcctgcaagaagaagggatccagttttgtatcagcatttgttt,OTU_6292,High,581059,Eukaryota,Chordata,Ascidiacea,Stolidobranchia,Styelidae,Polyandrocarpa,Polyandrocarpa zorritensis,Polyandrocarpa zorritensis,Polyandrocarpa zorritensis,
tttggcaggtaatttagctcactctaggtctgctttggattgtgctattttttctttacatttagcgagaatttcaagtattttaggttctcttaattttataactactatgtttaatataaaaacaaaaggatgaaatttattttctatacctcttttttgttgaacagttttagtgacaactattctgttgttgttatctttaccggtgctagctgcagctattactatgttgctttttgatcggaattttaatacgactttttttgatcctgcaagaagaagggatccagttttgtatcagcatttgttt,OTU_6719,High,581059,Eukaryota,Chordata,Ascidiacea,Stolidobranchia,Styelidae,Polyandrocarpa,Polyandrocarpa zorritensis,Polyandrocarpa zorritensis,Polyandrocarpa zorritensis,
tttatcaaggaatttagctcattccggagctgctttagattgtgctattttctcccttcatttagctagagtttctagtattttaagatctttaaattttataaccactttgtttaatataaaagtaaaaaggtggaggatattttcaatatctttgttctgttgaactgttttagttacgactattttgttacttttatctttacctgttttggctgcagctattacaatgttacttttcgatcgaaattttaacacttccttttttgatccttctaggagaggagatccggttttgtatcagcacttgttt,OTU_6722,High,1256663,Eukaryota,Chordata,Ascidiacea,Stolidobranchia,Styelidae,Botrylloides,Botrylloides nigrum,Botrylloides leachii,Botrylloides,Multiuple 100% matches
tttagctgggaatttagcacattcaaggccagcattagatagtgctattttttcactacatttggctagagtttctagtatcttgggtagtttaaattttataactactatatttaatataaaggcaaaaggttggagattatttaatatacctttatttgtatggactgttttagtcacaacggttttattgttattatctttgccagtattagctgcagcaattacaatattgttgtttgatcgtaattttaacacatccttctttgatccagcaggtgggggagatcctatcttatatcaacatttattt,OTU_6834,High,439822,Eukaryota,Chordata,Ascidiacea,Stolidobranchia,Pyuridae,Microcosmus,Microcosmus squamiger,Microcosmus squamiger,Microcosmus squamiger,
tctttctaggaacttagctcattctagggctgcccttgattgtgctattttttctttacatttggcaagggtttctagtattttgagatctttgaattttatgactactttgtttaatataaagagtaaaggatgaaggttatttaatatgtctttgttttgttggactgttttagttactactgtcttgttgcttttgtccttgccggttttggcagctgctattactatgttgttgtttgatcgtaattttaattcttctttttttgatccttctggtggaggagatcctgttctttatcagcatttattt,OTU_7057,Low,1656920,Eukaryota,Chordata,Ascidiacea,Stolidobranchia,Styelidae,Symplegma,Symplegma brakenhielmi,Symplegma,Symplegma,Matches outside of 97% to multiple spp
attatctggcattttagctcatagtagtggggctgtagatataggtattttttctttacatttagctagggtttctagtattttaaggtctataaattttttagttacaataagtaatatgaaattaaaaggttttgattataataatttaagtttattttgttgatctgttgttgtaaccactgttttactggtgctatctctacctgttttagctgctgctattaccatactgctttttgatcgtaatttaaatactagtttttttgatcctataggaaggagagatcctattctttttcaacatttattt,OTU_8180,High,159417,Eukaryota,Chordata,Ascidiacea,Enterogona,Clavelinidae,Clavelina,Clavelina lepadiformis,Clavelina lepadiformis,Clavelina lepadiformis,
cctttctagaaatctagctcattctagagctgctttggattgtgctattttttctttacatttggctagagtgtctagtattttaagatctcttaactttatgactactttgtttaatataaaggtaaaaggttggggactcttttctatatctttgttttgttgaactgtattggtcactactattttgttattactatctttacctgttttggcagctgctattactatgttattgtttgatcgaaattttaatacttctttttttgacccgtctagagggggggatcctgttttataccaacatttgttt,OTU_9407,High,30301,Eukaryota,Chordata,Ascidiacea,Stolidobranchia,Styelidae,Botryllus,Botryllus schlosseri,Botryllus schlosseri,Botryllus schlosseri,100% hit to multiple seqs
tttatctgcaaatatcagacactctaatactagagttgatatagctattttttctttacatttagctagagtttctagtattttaagatcagttaattttttagttactttatttaatataaaaaataaaagaaaatcaataagtaatttaagtttattttgttgatctttaattgttacaactattttactagtactatcacttcctgttttagctgcagcaattactatattattatttgatcgaaattttaatactacgttctttgatccgaatgggagaagagatccaattttatatcaacatttattt,OTU_12119,High-MH,None,Eukaryota,Chordata,Ascidiacea,Enterogona,Cionidae,Ciona,NA,Ciona,Ciona robusta,100% hit to multiple species (only intestinalis known to be here so defualt to intestinalis)
actttctggaaatttggcccattctggggcagcactagattgtgctattttttctcttcatttggcaagagtttctagtattttaaggtcactaaacttcataactactttgtttaatataaaggtgaaaggttggggaatattctctatgcctttattttgttgaactgtcttagtgaccactattttgcttcttttgtccttaccagttttggcggcggccattacaatattacttttcgatcgtaattttaacacttctttttttgacccttctgggagaagggatccggttttgtatcagcatttgttt,OTU_12394,High,2034436,Eukaryota,Chordata,Ascidiacea,Stolidobranchia,Styelidae,Botrylloides,Botrylloides giganteus,Botrylloides giganteus,Botrylloides giganteus,